CreditScore,DTI,RiskCategory,Average of LoanAmount,Average of Income,Average of Debt,First LoanPurpose,Average of DefaultProbability
529.0243922089587,0.5814080175164682,Medium,5000,64112.34550949634,37275.43170100711,Real Estate,0.3941138158857559
530.4432014549639,0.3222167991265213,Medium,31422.79371715864,61161.83860237511,19707.371863150216,Personal,0.3065482913121639
542.6247578637383,0.22265823155425254,Low,24038.83353776925,88637.82979252623,19735.94243041073,Real Estate,0.23856932572015377
548.2126130491561,0.44654091847096394,Medium,34608.144026121605,65247.87551855013,29135.846262332496,Business,0.3763663044350482
549.7893071686433,0.15439245375593197,Low,42801.019302659966,83876.38856292456,12949.881442415912,Education,0.23935388122334658
551.8833170602345,0.2249314077126602,Low,40730.60689624846,97856.45629030041,22010.990467149673,Personal,0.26810131461763886
553.5219961152849,0.12567157552473757,Low,10072.772772199309,85353.18040938246,10726.46865809426,Real Estate,0.17337462900324457
558.0591420861786,0.09588369565907434,Low,51323.99607470862,73559.79756839332,7053.185242790942,Business,0.2258558643025101
565.1909523431381,0.6307377563886374,Medium,8242.203074394965,64634.59563452705,40767.47983560841,Business,0.4162639453097515
567.6555333007698,0.15282010917277902,Low,42196.613056010916,64799.672022905055,9902.692952900625,Real Estate,0.23187952251794403
568.0884383337514,0.23617042784117676,Low,29525.50013352603,125538.64851747244,29648.516330974577,Real Estate,0.2466001424331805
569.0349813626233,0.4744570075957419,Medium,31365.90906791519,55448.89510402898,26308.116845547775,Education,0.37651242966323034
569.4069044335247,0.14325268697370325,Low,13297.013063238059,70530.74429348299,10103.718634296625,Business,0.18038609355559201
569.7216971450465,0.7233890001630605,Medium,41229.77213874913,50106.90593377166,36246.784584695604,Real Estate,0.553637562584562
572.3328540064377,0.44976953230274463,Medium,10529.418613739277,65579.23388763354,29495.54135441324,Education,0.31425929771414624
573.47167600964,0.2356463613981969,Low,33738.56978213208,85145.48062214596,20064.222698109377,Education,0.252465238354891
573.9649923682467,0.5615774208167655,Medium,27633.04344367897,64382.624541593585,36155.82823548232,Personal,0.41760682169717195
574.9986746174188,0.19671831302841458,Low,22627.692334415195,97066.03764033043,19094.66717695839,Real Estate,0.21473258753196775
575.6486490698966,0.3568522881292908,Low,8539.475215434002,47413.61543970945,16919.65715814259,Personal,0.26147329921572904
575.7943530250706,0.24298929972647296,Medium,45901.81791286647,71657.63839366291,17412.039373328975,Business,0.278962003073579
579.8068817796623,0.18651844263837475,Low,5000,81284.94665190548,15161.141659456785,Education,0.18139977994202183
581.4948091144082,0.2518353007510446,Low,8937.213719733418,75911.43679807628,19117.179516487453,Personal,0.21295460261403387
581.8687154163711,0.2822301578412411,Low,26093.111470232732,59443.66624818249,16776.7953078866,Personal,0.25724818559590146
583.6163710327195,0.10516297378068652,Low,7239.5416266616085,96309.60750130702,10128.204728488161,Education,0.15517075264274469
584.0163421901171,0.3522061596578084,Low,5000,92632.79513898901,32625.84103427182,Business,0.24972084399931122
584.3872512290111,0.3343845916459837,Low,19042.070257810185,77562.0882982158,25935.56722280862,Business,0.26798118622360884
585.3192666523107,0.3837231257778865,Medium,33348.29686800637,70316.93250553327,26982.2331361359,Education,0.32297668571580074
586.0037807430477,0.24988382617037772,Low,5000,71886.45529215841,17963.262498230342,Personal,0.2043354366335543
586.1723646979062,0.20158732509154514,Low,12640.967695420006,90139.77233290704,18171.0355889516,Education,0.19717520068708622
586.6730024319692,0.48833208216565016,Medium,36690.23505857999,60693.925814800634,29638.791167949097,Education,0.38993802302985076
587.6906068880953,0.43133412811152,Medium,5000,57031.70657303284,24599.721429391164,Personal,0.28725246921429987
588.9698349725742,0.24328417431691413,Medium,55229.126656909604,74196.84098711313,18050.91719647319,Real Estate,0.29341472782532885
590.7066754032944,0.1358427116924895,Low,28181.400296112628,88630.01394745249,12039.74143196511,Education,0.19450443017649785
591.0706207996742,0.17545797152956577,Low,11825.153842303916,107648.22607863271,18887.739386512996,Education,0.18449738568834467
591.1876833266774,0.06043081373395168,Low,32704.216963466442,68816.55753062721,4158.6405699451025,Business,0.17290844258912372
591.188238355084,0.06397304693484812,Low,31872.521721830482,81454.37120676179,5210.884312258713,Education,0.1729853461973128
591.5462047555441,0.3860153829225218,Medium,21900.8308045593,78937.22471738247,30470.983026121547,Education,0.29736895130700497
593.7096635604702,0.27611379917896245,Low,12074.453946156127,77270.34690502496,21335.409047822825,Real Estate,0.22501198482199006
594.6321021203527,0.14175492948759974,Low,27666.25159402047,75251.8480156359,10667.320409268039,Education,0.19492808254767569
594.806420658664,0.5629097292903682,Medium,21962.13659402755,48110.98977931446,27082.144232565573,Business,0.3958558496020199
597.2556281885852,0.3941286364019717,Medium,28643.230197254125,74927.94921818863,29531.25045376087,Education,0.3138401954090913
597.8405594422916,0.1424565132786252,Low,11550.366590271879,80939.69346466372,11530.386516816721,Real Estate,0.1703190476838147
598.0257918737283,0.38632202081329603,Medium,19758.41009174566,79876.01427542398,30857.86324939347,Real Estate,0.2907074809378847
598.476337814243,0.24398204825062092,Low,5814.538956703203,79866.78898645383,19486.062764115137,Business,0.19972177049661854
599.6169486440971,0.04079763904282627,Low,5000,75260.03783755813,3070.431858046144,Personal,0.1294136080842337
599.6220067815512,0.5046875075027643,Medium,23595.45716891244,65731.64614375075,33173.94065634326,Personal,0.3634356773283879
599.671144963066,0.37013304857570123,Medium,29390.7322321278,73889.04602206762,27348.777860498176,Personal,0.3017447519053793
599.9548010761742,0.17980644411088484,Low,14385.611577669608,50260.985782438365,9037.249131047982,Business,0.18764713657689822
600.0937824058126,0.3186597601619709,Low,18854.70111055754,66069.70095865958,21053.7550614596,Real Estate,0.254682502749448
600.7008343881021,0.24759565509496978,Low,17028.181729611773,76731.795749458,18998.459235200473,Real Estate,0.21912215987832345
601.7598614318972,0.3199875476978025,Low,22746.3551680261,110045.40886847246,35213.16051922451,Real Estate,0.2622132453377802
601.7879194144474,0.10672611824729501,Low,40880.927948258184,92315.10388340242,9852.43269307133,Real Estate,0.1999904409555102
602.3120616991968,0.388314189221601,Medium,23057.24129704839,75102.26913284922,29163.276747024815,Education,0.2970164949079762
602.5690850568127,0.23235385411074552,Low,13604.453237795695,94451.0889925346,21946.074552372425,Education,0.20645495689377014
603.2213938396447,0.32608041386312037,Medium,28971.629664669694,67503.58384900805,22011.596558728394,Business,0.27696008880619827
603.4446248722139,0.10865860132727907,Low,5000,87907.51899170295,9551.908059789665,Personal,0.1488998624897966
603.8820406891055,0.29105201179151713,Low,5000,72824.79703086284,21195.803684141534,Personal,0.2161840410131809
604.1063126659595,0.2334877673303413,Medium,48847.58467271026,76516.09116387453,17865.57129069792,Real Estate,0.27014743184455176
604.141315166416,0.24012310060334324,Medium,49221.681860647775,78821.98136039807,18926.97855995771,Real Estate,0.274162102353752
604.1678725289604,0.013350934960344382,Low,14353.165116496973,88496.38984333207,1181.5095450236076,Education,0.1313277704684437
604.845984912009,0.2650564568362238,Medium,42059.71813547094,87592.57683847225,23216.978061960137,Business,0.2720716952050038
605.173537245496,0.8258791047607998,Medium,23890.40704608433,48595.335859587154,40133.87247526623,Business,0.5586410211996075
606.623736712378,0.5361308562957524,Medium,20985.383636518098,50382.7136713209,27011.727423108983,Real Estate,0.3727747212968073
607.441215497422,0.0005333949931143994,Low,34579.90252964653,117443.12394025267,62.64357428544463,Real Estate,0.15125102809044
607.5177390150735,0.3329468563695613,Low,5000,65616.4869579059,21846.803058649086,Business,0.23330848303171237
607.5704292683228,0.06871088099957035,Low,44679.7560786092,108528.74624550565,7457.105768307505,Business,0.18944685896673438
607.8072591933229,0.1605201764246545,Low,5000,104557.88089483032,16783.649487826173,Education,0.16502557902026604
608.8021423774927,0.12046594306476387,Low,7048.170303605326,84464.75249147089,10175.126064616905,Real Estate,0.154111633838968
609.7216490410678,0.40394591665740276,Medium,28191.096637864906,73914.10266964376,29857.29995679863,Education,0.31341461706185475
609.7405076598212,0.19928152868789334,Low,27737.5154589882,67743.22879120681,13499.974191765403,Business,0.21409203765336832
610.034691259903,0.34313428129063384,Low,5000,82982.72228704141,28474.216771504216,Business,0.23709075030656623
610.9477698423112,0.19686708031379624,Low,9090.924004050987,102337.48534889049,20146.88194729197,Business,0.18316253849239314
611.1191249622882,0.11573814017566962,Low,35305.98693788375,86541.4425436108,10016.145608117085,Education,0.19215928063761367
611.5842480583594,0.2892732520165752,Low,30213.42420705328,91812.87097977448,26559.00776529761,Business,0.25846751571527943
611.6431096769877,0.256342241524806,Low,6131.977661366684,77128.60455383794,19771.31937701118,Personal,0.20145990294321056
611.7022144399733,0.38427686870143457,Medium,26157.34744326575,71801.22940073146,27591.55160302647,Education,0.29792282657737706
611.8412997703595,0.46316692412571236,Medium,15735.374845994551,50085.22442576024,23197.81934142537,Personal,0.3176811460495167
612.3664857078232,0.24412445343954006,Low,5000,105654.77826005155,25792.914996010884,Business,0.19460897656791137
612.4462816895989,0.2748973272822683,Low,32503.60704154855,75970.43255889654,20884.068862918473,Business,0.25568689300928377
612.7064538263393,0.1516100178773661,Low,51024.04863755213,95619.99044991902,14496.948461545799,Personal,0.23290479554728746
613.0697100138376,0.08145608727131676,Low,42303.85514975389,136577.61616910476,11125.078221979,Business,0.18920119717531453
613.4843187130505,0.19860470507228975,Low,14002.657043350051,61933.41534852576,12300.267689413582,Real Estate,0.1906054286269107
613.6763935844458,0.3284641277444822,Low,17017.471553092157,76350.36962820218,25078.357562896235,Business,0.2513127224187691
613.6976156958981,0.3864277099424815,Low,10531.93307634713,78666.84011476704,30399.046873960764,Personal,0.26666543953655086
613.8771021628215,0.5956612972950722,Medium,16995.995403412497,58380.997671779245,34775.30081055262,Education,0.3955123238840604
614.0376402700616,0.3307019531514624,Low,14564.57684204404,65812.78200919511,21764.41555277225,Business,0.24764813638121524
614.3890403284297,0.26456885294580057,Low,29989.11265486296,49977.72847229394,13222.550294751485,Personal,0.2454732605425784
614.5589800440443,0.8907143592044784,High,42308.51101383621,46505.03627573086,41422.70358611864,Personal,0.6376907134846173
615.0209381536201,0.10777545049768515,Low,35231.04235093947,53647.59141234811,5781.893332581563,Real Estate,0.18792007623425508
615.1941667875053,0.14822882021219588,Low,11721.269708136662,84183.60158456874,12478.435944094168,Business,0.16828203921026197
615.3363521064418,0.2647171970750793,Medium,44182.9871997009,96076.04104069807,25432.980290363877,Education,0.27244262597848484
615.386865244719,0.648126747601196,Medium,27114.7404941809,33651.15799920247,21810.21558703707,Business,0.4515246063452449
616.991761741371,0.4504019139143583,Medium,9421.842687340415,80861.44946597362,36420.15160136369,Business,0.29554865702303346
617.0747544662332,0.7198148045715779,Medium,46765.02157197004,52405.86290684764,37722.515966697436,Personal,0.544440363612904
617.1211070542691,0.22702347402572412,Low,27370.80234880198,112935.85965307895,25639.091200523595,Real Estate,0.22308630774478333
617.1746552860371,0.3358644610541694,Medium,32672.49363042792,105462.48154539315,35421.09952567876,Personal,0.28439877849934
617.380327779344,0.7234881946377377,Medium,30514.297603145664,44612.60068091973,32276.68992473292,Real Estate,0.5060918901734298
617.4796133015142,0.08749779272784833,Low,42752.40500334892,86417.81021386334,7561.367646087148,Education,0.1910191788671904
617.7141311776808,0.08726157088999849,Low,24264.55988742945,95125.85618428882,8300.83164289712,Real Estate,0.16392843747390531
617.9119712259188,0.12732468276599165,Low,20195.532931950373,87816.8572253402,11181.253487722823,Personal,0.17219274919686683
618.0370802573264,0.5184946281915661,Medium,33276.11199866381,46753.92597329417,24241.659464019165,Education,0.3865930528348005
618.044646217305,0.2845831346887032,Low,32102.07848552843,91270.3443473934,25974.00069849858,Education,0.25765580577068914
618.1168788836351,0.14499058669267947,Low,40352.959662780166,79279.59821468443,11494.795457907,Personal,0.21002272687282925
618.3738342615745,0.1422941638884003,Low,33856.33091877195,105079.85977165378,14952.250787717825,Real Estate,0.19830066986955777
618.964378704292,0.3740547858945711,Medium,29649.984747483326,64964.85912830927,24300.416471910696,Personal,0.297202877350332
619.441403535961,0.10148768073631416,Low,5793.166434962997,117878.8817865065,11963.25432030269,Education,0.14412035415092073
619.8399572305427,0.05995834144463152,Low,9361.334579941356,82603.95702011927,4952.796259689978,Personal,0.13583462316142395
620.5166670454819,0.11759627558375371,Low,25010.24228436224,102112.75717609902,12008.079933497465,Education,0.17495107840200558
620.5294053566336,0.43304963379802036,Medium,14055.962952888858,71774.28576667982,31081.828167375163,Business,0.2948657218106503
620.9593592345577,0.4172251815106945,Low,5000,55189.27349738623,23026.35465239033,Business,0.2684015377588233
621.2202697187574,0.522160279309859,Medium,19599.410968645258,63526.75986239527,33171.15067339865,Real Estate,0.3555167985248899
621.6110224366032,0.25322330428071527,Low,5000,82648.19492368102,20928.449011411147,Real Estate,0.19561928016653998
622.4492958190247,0.4175983295095109,Medium,27677.149958280846,59892.34135293355,25010.941699398452,Business,0.3148217084338123
622.5602982420672,0.3799178778435263,Medium,27014.44745871689,62995.66245682411,23933.17839394372,Personal,0.29344793757925525
622.5868355623691,0.2050875920150266,Low,55702.93293579337,85288.77668117498,17491.669835449527,Business,0.26329075643007455
622.6154305092166,0.3041867973042741,Medium,38702.1059802611,53598.304673476945,16303.89663956366,Business,0.2786344993804625
623.0583441109616,0.2997871592027959,Low,31294.149580361773,68446.75706804464,20519.458858072994,Real Estate,0.26170890827292337
623.1157164787592,0.05911749930549777,Low,26670.589027600785,73888.3065817909,4368.09191303343,Business,0.15641917021866483
623.4555782337043,0.1546873721928551,Low,9230.351325409832,56913.667497911825,8803.825667109888,Business,0.1650402987807346
623.4692332531237,0.6246067084701473,Medium,29160.376929470138,57832.84439637573,36122.78257988645,Business,0.4385326683017907
623.4898137663038,0.19247727590389674,Low,53851.6869223743,70580.71652340672,13585.184047770479,Personal,0.2533989056668339
623.4965330479821,0.09710668207062013,Low,5000,89925.07132054442,8732.325310901948,Personal,0.14093796666179803
623.8727596877793,0.554154853027086,Medium,54873.29953307101,44317.716585287555,24558.877720816075,Personal,0.4583885188602228
624.173778002567,0.20229324258811868,Low,31007.22079759493,76953.52197097664,15567.177488084897,Business,0.21658528252047896
624.4016487112918,0.6382492655790559,Medium,29304.337814525632,30777.2938198423,19643.585177025165,Education,0.44689635179887366
624.4271021531484,0,Low,15902.449176763905,55506.36659545357,0,Real Estate,0.12532898328196374
624.6853243794183,0.26481577774422593,Low,27796.242546160694,83954.1712003463,22232.3891412916,Business,0.23823437044351636
624.756860346874,0.12953155455303023,Low,44440.945926720946,62252.25745386965,8063.6316824352,Education,0.20845331374370255
624.8853925081788,0.263660781291054,Low,24894.32521779168,105950.10402660123,27934.88720552213,Real Estate,0.23242943865179858
624.9922883514153,0.2504282246846988,Medium,59800.61083025889,72397.1389126463,18130.28697014554,Education,0.2934159577218017
625.1348736183578,0.11459469992301298,Low,37423.44535276934,84849.02528016298,9723.248590740419,Education,0.1911650040024519
625.4033049802343,0.28805814457363715,Low,25107.67700361913,75278.58583825892,21684.609762696142,Personal,0.2437127918347939
625.4149561930343,0.10805222554241785,Low,24963.942386217193,98162.21747000136,10606.646061812457,Personal,0.1702433664684165
625.5183481328805,0.13378106814084875,Low,12834.987045567328,70085.13871828112,9376.064718531203,Personal,0.16232178162460856
625.6377030568599,0.5802975872031224,Medium,11255.888491544127,55369.82697904098,32130.976999791834,Personal,0.3680099482840754
625.7087435557407,0.2542336538888693,Low,45331.64201658244,84242.06948526541,21417.169136399047,Real Estate,0.265945603556274
625.7424736721101,0.2951927001456897,Low,17473.237107827023,61987.14861756346,18298.153774750717,Real Estate,0.23298410316144344
626.4071383479923,0.0002242945242330739,Low,33753.16454517831,80221.10544359779,17.99315467892302,Education,0.14587443713656525
626.4473160175476,0.19799704889968373,Low,42591.352679011674,54512.2471733142,10793.264069206338,Education,0.23422806472035373
627.0546206471699,0.5701544378352194,Medium,5000,48036.291557885736,27388.104808875032,Personal,0.34724282440553766
627.1721178619873,0.2966150882300023,Medium,36532.595139533456,89180.07515177024,26452.15585950057,Business,0.268958988287611
627.8977793878448,0.3164776620520227,Low,7416.493698450398,87211.71490567646,27600.559636896025,Real Estate,0.22396708912607133
628.373804823623,0.8257033229300136,Medium,23144.009798503652,49200.782005178924,40625.24919243145,Business,0.5465655318469885
628.5314245908964,0.23243488719019573,Low,7700.013951913825,85386.93028482345,19846.901508270046,Personal,0.18983452508692353
629.0167830653942,0.8229454564011692,Medium,45193.386343041224,34215.35644479799,28157.37212539297,Business,0.5985117494575845
629.1658435711752,0.38162702528764236,Medium,33000.38867058174,67780.6766836184,25866.938014752748,Business,0.3044446666869401
629.2452904086066,0.5332676021467464,Medium,5000,83255.61853872996,44397.52406339273,Real Estate,0.32579544143551975
629.3052023853731,0.2448939329222499,Low,28491.801144102454,80795.49713792827,19786.327056515638,Business,0.2291025300480984
629.5722657961896,0.7716955686218313,Medium,24029.670924512222,46849.766105643575,36153.756894694416,Real Estate,0.5146272625484553
629.7972701578994,0.07395473314972839,Low,27391.93760206194,65754.49422589915,4862.856073871728,Personal,0.16075776207153655
629.802131395925,0.10074565801202175,Low,47336.69662492434,102077.44748330826,10283.859614893485,Personal,0.2000175920052563
629.8906272109264,0.20083571851784285,Low,6857.84596871792,124264.84224970572,24956.818879726045,Real Estate,0.17640390705591993
630.0969686342794,0.46899877191169487,Medium,10931.116351954017,63796.37919606061,29920.423495365227,Education,0.30361806223379945
630.2092302604885,0.6037211116404488,Medium,28436.12032308554,34237.50929644292,20669.90717224872,Education,0.4210486771167277
630.2825312695744,0.37623768582032496,Low,13663.127497624557,51626.43924760936,19423.812029664146,Personal,0.2621085877489908
630.9417234430159,0.5884723664631022,Medium,38146.83468254403,50243.690023463016,29567.02316794584,Personal,0.43517263833228625
631.3226900147765,0.02957867453269462,Low,15126.273814992275,112045.56369017877,3314.159261224104,Personal,0.13137114661341706
631.8120536894695,0.46008074247891395,Medium,57475.84101709904,58205.56315638448,26779.25871339269,Business,0.4037167755951752
631.9976852360268,0.4848454968986953,Medium,5000,51832.70621614915,25130.854200972928,Real Estate,0.29876698286323056
632.1424542552479,0.23996779377597172,Low,42858.228915153944,63012.14709111956,15120.885918542974,Education,0.2521753712299405
632.1781811590996,0.43182430868865623,Medium,10715.254288918046,47446.61264085818,20488.60070325704,Education,0.28314890002453197
632.3030290301677,0.1837201250964762,Low,6176.159979965614,78729.08629538855,14464.117582920055,Real Estate,0.16871427536960765
632.4040769988882,0.4277880453225966,Medium,5000,54967.599802101686,23514.482075415828,Real Estate,0.26962281702007984
632.5541739587582,0.19143901156496654,Low,16290.275461690735,73356.97643214863,14043.387059565079,Personal,0.1862184089009179
632.5825997887899,0.21708176380408933,Low,29685.673156998575,64131.5045773247,13921.780129055674,Personal,0.2181020614164873
633.0048449445568,0.35683510728783246,Low,5000,36734.395106844044,13108.121819104323,Business,0.23595607697156926
633.1746812605202,0.22241012861370407,Low,39250.23743004468,64647.77401927657,14378.319734216979,Real Estate,0.23706483428012695
633.5244569903795,0.1558592439867599,Low,12957.633340737366,84838.38343013011,13222.846302478938,Business,0.16815500836448005
633.6650845576345,0.5400462020023856,Medium,21390.022382046805,49465.02848359381,26713.40076450466,Business,0.36488663983995107
633.680943500923,0.05543760087269975,Low,52865.53515306598,41769.598754620805,2315.6063443714847,Business,0.18984600016039152
633.7287686970207,0,Low,5000,92422.49406863385,0,Real Estate,0.11221181575940768
633.7767005935223,0.3943732965804796,Medium,17075.544300055313,56626.961070316036,22332.161312635017,Business,0.2765297956886133
633.7883427865847,0.31651289113922615,Low,26172.14594454471,112523.41678431773,35615.11196726853,Business,0.2562700305269158
633.9070093437343,0.1602643178439526,Low,32583.83862753812,40737.30941818245,6528.737104703036,Personal,0.19906310959442872
634.0656744256953,0.36479110530914455,Low,6414.209462100363,50779.676004750865,18523.974137013312,Business,0.24180306118231223
634.1248589492868,0.41420744535130355,Medium,12519.080427252151,100553.53643797018,41650.02344901084,Personal,0.2772117894102946
634.1904042259379,0.3130773091774502,Low,17835.316260939922,73746.41805453657,23088.33012598964,Business,0.2390103135311076
634.5158291509083,0.3062177268572627,Medium,42878.49001620359,110891.15727035576,33956.83810789956,Education,0.2838579510813352
634.612190992654,0.23036733361263811,Low,31120.792702551335,111979.1218989069,25796.331732135757,Personal,0.2256956495959415
634.8974222821245,0,Low,37833.33488531068,66587.09354469282,0,Business,0.14904970642721152
634.9689632676066,0.23178563933647067,Low,5602.8768436202845,112723.7180242106,26127.739050625696,Business,0.18466727369799166
635.0607975838436,0.3105419086879855,Low,31619.607275488688,65501.09377678088,20340.83468259226,Business,0.26344395458760644
635.2326838818487,0.2763810996774996,Low,39375.78729763064,99024.27844327889,27368.438970924333,Business,0.2618668167861678
635.2465078861698,0.2937634400867886,Low,14078.843532170182,64062.821175192155,18819.314730089212,Personal,0.22342347735350282
635.5379585885838,0.3333403150213306,Medium,38312.559511210886,46039.72199167512,15346.895432199468,Personal,0.2880115324790654
635.6659538858271,0.3827565448228816,Medium,49804.25902738428,81689.1357997405,31267.051368275832,Real Estate,0.33920713285790566
636.0092823248973,0.414380831539174,Medium,27175.956189390723,40948.32791524319,16968.202171657245,Personal,0.3068988612007857
636.5168459362653,0.5999460163539373,Medium,49742.213414858816,68145.70966946462,40883.74704780728,Education,0.46854712472269056
636.5853634061817,0.21693902939162985,Low,5000,81752.05324150404,17735.211080984733,Education,0.1778418118365785
636.643489214455,0.35599734274242884,Low,14358.384963586801,67298.35439167367,23958.03533437409,Real Estate,0.2516349808173893
636.861211797844,0.6263126006639089,Medium,48858.731089267756,46850.72451246889,29343.199112392736,Business,0.48263101306630346
636.9456044913214,0.47549446922120847,Medium,10781.609240965206,64775.6864713763,30800.480657146487,Real Estate,0.30418042018317276
637.4296782869843,0.42810054553220245,Low,5000,90027.74246743578,38540.925663341885,Education,0.2680331539494255
637.5785682904593,0.1299178587867731,Low,20115.834217772448,96063.05706665808,12480.306682611808,Personal,0.16809546077829146
637.6183035690458,0.2750907991109458,Low,10150.633111719791,69808.1729727279,19203.586087542848,Personal,0.2081726747317679
637.6842011267132,1.1113341799544327,High,46709.5854908771,26522.41346742087,29475.264621228576,Real Estate,0.754008423085076
638.0707100776384,0.3756996221071888,Medium,29792.870061744332,80717.3078144981,30325.462043416574,Business,0.2913514614613999
638.136878447515,0.09135941261672642,Low,18055.907319621125,124106.00279821789,11338.251517854991,Personal,0.15223652249170558
638.2428549184989,0.1547220128424866,Low,9966.744716099129,80533.81598660038,12460.354111333238,Real Estate,0.16248704711534367
638.3471971499621,0.38345035784221143,Low,5000,65425.02756673045,25087.25023229934,Personal,0.24640674652062222
638.4088895884778,0.39342220622147317,Low,6172.969420399077,94102.84641002477,37022.14944635238,Education,0.2532565435897499
638.4777796721718,0.2534479557797901,Low,6894.675282141765,82140.30971930095,20818.29358547565,Education,0.19401043472289572
638.5751487609878,0.11523752167203616,Low,14317.392037359346,48590.867738314475,5599.491174057057,Business,0.15503692723144305
638.7294735010522,0.23702595603526228,Low,5000,65257.49232470608,15467.719506727248,Personal,0.18473290339537388
638.7742919236164,0.2214009517234324,Low,14025.52391637208,87854.45519735088,19451.059993837138,Real Estate,0.19255530817786087
638.87900338089,0.40224309729390045,Medium,35719.14685954927,45429.56019265145,18273.727000591804,Education,0.3176409511285563
639.0371070139252,0.14188177146647007,Low,12148.41859259811,93625.60238232397,13283.766320619485,Education,0.16090309281723775
639.0785667028999,0.3922073930516242,Low,5000,79220.34934405237,31070.80669286973,Education,0.2502522845500549
639.1455684465905,0.2916668374504778,Low,5000,90348.69458305818,26351.718016819694,Personal,0.20607695797968228
639.4571244394831,0.3701037059970135,Low,19151.14440160832,91441.2031998898,33842.72818510518,Real Estate,0.2666506063244655
639.5867139179537,0.3085582964111197,Low,30070.35221652562,91992.04194042049,28384.90774451642,Education,0.2579629560190032
639.7842120170004,0.354096144165255,Medium,24833.61994077097,77440.19629290723,27421.274910718923,Real Estate,0.2698360781869292
639.9980717801177,0.12798294997459767,Low,43593.760096623424,91606.71633088491,11724.097793512803,Education,0.20205279909723078
640.3790039500019,0.2341719237362934,Low,18795.916998675337,87953.77076201385,20596.30369920174,Personal,0.2047785275428354
640.7006983682509,0.4174815130198093,Medium,25783.877357462246,44696.17875602895,18659.828333270823,Personal,0.30383419097960684
640.7619045936149,0.3491679689427852,Low,8289.3032475701,69545.5286050466,24283.070972076486,Personal,0.2359626136233005
640.8117167206801,0.5003321848507787,Medium,19184.501253871582,64722.66165326613,32382.830714336356,Real Estate,0.33444057182329784
641.5001966901272,0.18442622561470226,Low,29745.37482304217,91678.44309097808,16907.909229501365,Education,0.20204853106901602
641.5428825106351,0.5104332901205694,Medium,5692.546471236252,79839.24543132068,40752.608726252656,Education,0.31021254795226577
641.6671706108326,0.20240021937552807,Low,24037.237580667712,79069.27271734446,16003.638143853976,Personal,0.20005015749633218
641.8356947910709,0.42045879048512164,Medium,18822.64946554514,87283.3340008685,36699.04504351407,Business,0.2904338772387164
641.8637610716893,0.33456436891595037,Medium,44886.94971313285,65685.40492859486,21975.996046923996,Real Estate,0.2999742808749854
642.0752332649965,0.2947513387467188,Low,16540.78767912635,78007.87572952415,22992.92580406492,Education,0.22604358650038972
642.0858965556205,0.3752220492006339,Medium,55631.14060215616,78696.72247389748,29528.74547202939,Education,0.3455345336627201
642.6710826729881,0.5796098080620642,Medium,17536.43742422189,63750.66448211465,36950.510404307526,Personal,0.3752552874201865
642.8757883730808,0.3687087379223791,Low,7004.537074520376,64204.806393812774,23672.873134013407,Personal,0.24183058032083318
643.2913100610753,0.2978126145035937,Low,10212.9428699826,77187.89589209786,22987.529083656864,Business,0.2160968159105039
643.4521862142263,0.329807204068139,Medium,40142.076828939535,79987.67367421511,26380.511014407573,Personal,0.287088843665009
643.9131223331374,0.22107562782722204,Low,32371.441790802997,43111.44682411266,9530.890173180604,Education,0.22098873362554397
644.0583806195634,0.0021457058392583698,Low,52832.54972191394,96472.63499719545,207.00189624212362,Education,0.16757894274348056
644.10405546262,0.5813705859410948,Medium,5000,58352.88853791542,33924.65300064329,Personal,0.34677901583138016
644.2120005444624,0.5408595201526885,Medium,16590.88544729035,85080.93031035688,46016.83114180395,Real Estate,0.35005736775456514
644.5210072625414,0.2150695082384266,Low,29962.769569233667,91713.84224130283,19724.850949493637,Real Estate,0.21415011509897375
645.1614090785213,0.17624478296274984,Low,40441.86222397536,99921.70384995258,17610.679008303057,Business,0.21526275326922523
645.2643434455471,0.4103770882328409,Medium,34153.242543838336,89769.33159990821,36839.27691457869,Personal,0.3162138199021505
645.472947384187,0.37559122456922134,Low,18795.765015555357,53815.729562220964,20212.715767360616,Education,0.2665623930165445
645.5136112967913,0.43577896480512496,Medium,21798.148309743425,104598.88277780052,45581.992856682526,Business,0.30328303541267965
645.7685087119999,0.23885486068337816,Low,18731.35681351164,60392.66736565727,14425.082149921665,Personal,0.20503119018821256
646.1217673832173,0.20936938408108374,Low,25450.472187461233,88242.61349042093,18475.301636194563,Personal,0.20386890471275346
646.2145960419194,0.09237298827352344,Low,38221.11293385357,98263.27504309919,9076.87235327421,Business,0.17839858404535416
646.2410862512809,0.40023360580739925,Low,5000,84934.28306022465,33993.55436586002,Education,0.25164813899355665
646.6110221765557,0.22532381546892888,Low,28645.070830815996,79475.75903277798,17907.781262554723,Real Estate,0.21562980455364422
646.9008911101696,0.2950770779920678,Low,5000,82706.34759457674,24404.74737960399,Real Estate,0.20523397182467132
646.9839430263277,0.3405882916189009,Medium,51945.412343904456,63725.508943920504,21704.162223754876,Real Estate,0.31630358486898963
647.0941755462371,0.40578699703213633,Medium,20671.76956186443,61461.55999388083,24940.30186282739,Business,0.2848059751510475
647.1082723073931,0.18490833324555078,Low,27240.452234067834,126467.1960649972,23384.83843461691,Real Estate,0.1966633600401536
647.3955555703469,0.5457338284278135,Medium,24474.885849906463,44937.14093763787,24523.71796249734,Real Estate,0.36972906180461124
647.4988032796551,0.19139578206269325,Low,23865.015935112548,111629.17531708707,21365.353310827373,Real Estate,0.19379997168436877
647.5117386575866,0.3969291510128766,Medium,20099.55680220454,48293.11282579797,19168.944273713052,Education,0.2790156960870898
647.5313480839287,0.2767960071030244,Low,29256.265354922518,65561.36268421133,18147.123411222918,Business,0.23900365547157376
647.622909718242,0.6134216834835854,Medium,36362.42724006229,37654.696148165036,23098.207102270273,Personal,0.43888573353116855
647.9256545477845,0.2919895282121203,Low,19415.21420593116,76164.17436892,22239.141340646616,Education,0.22806454617982108
648.1346126485603,0.12514443368924172,Low,5000,71461.055450119,8942.953315140643,Business,0.1441913123922862
648.2221079297798,0.32426262786767834,Low,31302.873143424873,66205.37883451651,21467.930119855493,Real Estate,0.26498142032191063
648.2318805587186,0.14655317404698615,Low,55747.18143678889,92392.1184021132,13540.358208754647,Real Estate,0.2279216925330031
648.4211135417335,0.05446643584453351,Low,37349.19873516558,73078.80200550701,3980.3418810283147,Education,0.1631992044288083
648.5368303153606,0.3599625944149413,Low,14364.685635542643,88802.87983422226,31965.715016644914,Business,0.24956691386233779
648.7161356251894,0.33678802221304516,Low,5597.385621938563,79964.41172600671,26931.05607263144,Personal,0.223246021970015
648.7827305143388,0.1822121052791258,Low,36731.95002297188,83268.69806447401,15172.564778179676,Education,0.21047561154255254
649.1174052282825,1.3254827872406973,High,14004.505067140159,22605.097918205116,29962.6681944714,Real Estate,0.7872202900506048
649.1373406726539,0.24635272210337303,Low,10265.446294340281,68794.66486813087,16947.752956453325,Real Estate,0.19356651578079306
649.1819295980262,0.49574530912695375,Medium,5000,60712.97163947264,30098.17089342634,Personal,0.29812302613744057
649.3881632746125,0.2314676308845063,Low,25767.96852821628,86259.38473381141,19966.25542589048,Business,0.21254870665669268
649.570513838015,0.22499364424462998,Low,53356.61027733674,101583.05060264863,22855.540748576568,Education,0.2591769637121724
649.606236966209,0.4770580198152893,Medium,22750.88921381336,62245.200314973685,29694.572005267368,Real Estate,0.32602696590366687
649.6567411071412,0.11741096578672529,Low,5000,65211.21114963556,7656.511281200779,Business,0.1414952995054191
649.6649852617352,0.3763017438032777,Low,10399.317429594481,69602.50129413257,26191.542610051976,Business,0.2494177406215078
649.7069589620553,0.3758033433232577,Low,20467.29119526068,72441.64817038467,27223.813578277714,Real Estate,0.2684775874207753
649.7627667730893,0.3566061777874492,Low,13302.205806675418,59524.21601792854,21226.703159947956,Business,0.24562146741873828
649.8009687015385,0.41295931650804596,Medium,43742.57351059238,54575.34365738573,22537.396614945734,Real Estate,0.3369572130442974
649.9788217130647,0.3467105205871109,Medium,43744.28357945,53445.104441413874,18529.979983715115,Business,0.30094491297805814
650.1244902654179,0.11121746498708941,Low,15583.991408732416,80619.83735470065,8966.333938261263,Business,0.15272389532353947
650.3822022173973,0.40005043529145656,Medium,22278.263961287248,67727.75575572289,27094.518171390395,Real Estate,0.28397587560349624
650.5566586630651,0.40425495055650745,Medium,41362.92505905547,80783.37287815637,32657.07840864701,Business,0.32656234666650996
650.7691134671401,0.46035046703850885,Medium,5000,60381.39920116162,27796.6053226934,Education,0.2793798339628942
650.8620671194209,0.08620140264149023,Low,29823.898170088578,102124.80057141646,8803.301053738562,Education,0.16316873167112955
650.9973379314979,0.37789796418262045,Medium,41331.54481325008,72859.39280090884,27533.416211045325,Education,0.31200583375074925
651.319911355155,0.27963432580242925,Low,31645.031956710627,105998.68810035079,29640.871682883575,Personal,0.24345093886578814
651.4824316793159,0.16652373941770515,Low,5000,111018.80865821632,18487.267163464883,Education,0.1566503312569623
651.508353588062,0.419864900419789,Medium,50036.042887394964,75574.89645869636,31731.246375866413,Personal,0.3544128024540444
651.7612997914529,0.3244743942820812,Medium,46998.11288917904,70939.09227914014,23017.91899819466,Business,0.2954624477273809
652.0849123026985,0.17064691001036655,Low,41827.86784345706,81483.32704976884,13904.877978407168,Personal,0.21318343845194043
652.128847344584,0.2672047728788167,Low,18813.792726752792,79153.75374326222,21150.26079147417,Personal,0.21506413066852761
652.4731575254208,0.4048836090539123,Medium,22212.31371710879,58830.12794213625,23819.354522315534,Education,0.2855509815901726
652.522143204571,0.3715673641872855,Low,9841.0267010663,59872.98509431393,22246.84725751886,Real Estate,0.24523657720074266
652.5229862702232,0.5069422353581061,Medium,37161.979683875645,57107.85395560992,28950.383140761154,Education,0.3745992709384359
652.58563517547,0.4368773508915567,Medium,7070.593546011329,84959.965824909,37117.084801423436,Business,0.2711645021207581
652.5865602537461,0.21647482107795207,Low,17130.063893997954,62537.18947150471,13537.72690156197,Real Estate,0.19167923379879118
652.6659957706368,0.42416743218317254,Medium,27932.225973299363,75104.87399436366,31857.041546629967,Education,0.3074596420429669
652.7942998942904,0.4940173544541887,Medium,7573.242341314544,36624.57569401917,18093.175992366534,Business,0.3012791355161392
653.0438648425511,0.37701026186402,Low,5000,64380.060899963646,24271.943618716847,Personal,0.23868460299236013
653.057907190363,0.1594747602100362,Low,37302.37280133227,67571.18268008417,10775.898155014975,Personal,0.2008894561154676
653.2099268473851,0.2481944581711643,Low,17111.80486157194,79481.84963620834,19726.954604900682,Real Estate,0.20405846215079762
653.2332456491888,0.5421665503056468,Medium,5000,68844.43530093998,37325.149994850915,Business,0.32139939447601823
653.4392852696201,0.23598881747609363,Low,18220.759421321833,79058.460417026,18656.91258529452,Real Estate,0.20085670767619754
653.4514551094018,0.04543286367709255,Low,23169.14301818084,84451.94964826087,3836.8939156341203,Business,0.1408950218202414
653.5511145967993,0.3194107316254489,Low,25739.62497280334,78930.4233940294,25211.22428379338,Personal,0.25022691944172776
653.687607174129,0.13733458760448075,Low,5000,86678.56370651929,11903.964800783539,Personal,0.14676154921543355
653.698257866621,0.49191957577731826,Medium,43450.008590787256,64861.1364925774,31906.462747863414,Business,0.3800617502818404
653.7955801032704,0.4235529569843598,Medium,16202.030956540966,72687.03435223519,30786.808334312955,Business,0.2823460173259968
654.1785178056214,0.33992673885797886,Medium,34970.54117999665,62460.65884424465,21232.04806784486,Real Estate,0.27789836998234796
654.3393216764207,0.29185898653525966,Low,28772.10413410768,81030.94684667225,23649.610024662255,Education,0.24280761466961298
654.3401817743302,0.2090710452440062,Low,22730.511696512163,63585.07412501048,13293.797909233552,Education,0.19706577578929163
654.551818714625,0.14958838785367268,Low,27556.956564948563,35806.59752240449,5356.251197901798,Business,0.18159908433966132
654.5929901176345,0.32476122931975654,Low,24151.172666501563,93308.04235404148,30302.83454031842,Real Estate,0.2494122717392413
654.7126647869031,0.4266169119427475,Medium,50547.58914877057,40796.63214686749,17404.533224160827,Personal,0.35816048690205016
654.7910084496165,0.1910101287355996,Low,28471.688837883587,66199.11026606032,12644.700574102335,Education,0.19888602050270554
654.8512614724328,0.4906272794896713,Medium,35431.03711825448,48910.609989902936,23996.879517526417,Business,0.3601435152196622
655.0134911924184,0.20370559206611172,Low,33044.363642757846,111934.14651472066,22801.61158819607,Personal,0.21145145191263268
655.3438588800115,0.1875639193742835,Low,32442.987810449744,76547.36615295237,14357.524013426115,Education,0.20372890504269697
655.4048776246898,0.15409552332261486,Low,21587.856100698882,82546.00986089704,12719.970587708656,Education,0.1742962704068622
655.4181907183977,0.14128410905528985,Low,25516.61517558762,69166.12500413446,9772.074348015944,Personal,0.17534004653805388
655.4423126428948,0.14382251575091182,Low,5000,87436.19924434392,12575.294143019517,Real Estate,0.14841251015896767
655.6385717943224,0.5637386991092532,Medium,11905.583643194494,46282.75697641121,26091.38120907177,Business,0.3478265404805608
655.6398539402536,0.2415940842244662,Low,31965.547953198613,86195.8089586208,20824.39752934503,Real Estate,0.2255919985368928
655.7347082316065,0.645790251376757,Medium,5000,59433.905491953745,38381.83676795123,Personal,0.37925695377875174
656.0253516300378,0.29445302319742794,Low,15508.674551724414,96883.83036941897,28527.736751222197,Education,0.21986170100535968
656.0581271995798,0,Low,20734.23025590236,46038.313170053516,0,Education,0.12450894938924541
656.188956322767,0.33916068011968714,Low,16666.798307697,58215.64953554723,19744.459290085546,Real Estate,0.24169467942882783
656.4978926120249,0.24820727491483305,Low,36034.3299586862,68694.6151071931,17050.50321707972,Personal,0.23547243810017054
656.6752310385901,0.17397147429986343,Low,43453.33263476181,92449.14656560289,16083.51432578209,Real Estate,0.21595834119706708
656.7097215440918,0.24258522403799504,Low,43792.63951641225,55482.53494045335,13459.243168725763,Education,0.2470310316434602
656.7797868845306,0.10317896076554067,Low,5000,117660.66749312534,12140.105394920505,Education,0.13574664094088287
657.1349172456605,0,Low,34061.81334382777,65446.851064697665,0,Personal,0.1395500993872399
657.1939586262906,0.31511942231214934,Low,27715.941141566236,73596.68577082705,23191.745104191803,Education,0.2507162220499687
657.2230236988065,0.22168616435738564,Low,47920.47039081749,112623.14138881181,24966.992232365217,Personal,0.244828812312841
657.3375795488494,0.2703149399333352,Low,5000,64404.79592465922,17409.57854179297,Business,0.19244198850410152
657.3954833583459,0.3288646943265473,Medium,47848.57932568387,88027.82502611596,28949.243769444412,Business,0.2974517307165851
657.4170261920189,0.2642946247099132,Low,5000,127647.64129674781,33736.58545162958,Personal,0.19009220999268894
657.4905367574294,0.8086051607141429,Medium,21272.07072888326,35248.62170798214,28502.217421134927,Business,0.518480625241451
657.4993571002093,0.091693538229466,Low,33788.563017469736,87909.68362282151,8060.749936009446,Personal,0.16893787503194593
657.8477989435759,0.27167695487531074,Low,5000,76114.4982457739,20678.555105274034,Personal,0.19283153122566316
658.1617881380892,0.6085589705517328,Medium,5675.385738046934,40932.35121289691,24909.749516382515,Business,0.3581711590276371
658.1640131979702,0.2227798955965718,Low,5000,59543.495709248564,13265.093757561315,Personal,0.17443495022421965
658.5377789850669,0.43917859280187305,Medium,38394.30805163154,58064.1256386319,25500.520990245517,Education,0.33620864754186797
658.7881833300978,0.248190153412422,Low,23049.0955966957,67133.22375345278,16661.8051024399,Business,0.2122190550459201
658.9619103159473,0.39756018980002944,Low,14316.688545264236,60846.61068762439,24190.19009366045,Personal,0.2638978896243199
659.1316593197458,0.24756009551250083,Medium,56437.65252713738,61963.27784395682,15339.634981317577,Business,0.2729122707210676
659.1902797557373,0.08976946017538759,Low,44881.48163642618,47802.877180401614,4291.238479315007,Real Estate,0.18391594923000357
659.3267419438362,0.11737632341850933,Low,32589.48330183798,118796.05866435345,13943.844602631358,Real Estate,0.17592813714399086
659.3501088928283,0.2287493642318439,Low,28857.98455533891,80431.57674390747,18398.672044333594,Personal,0.21364278673091702
659.5358780943448,0.19650229545175443,Low,27354.594414526513,78427.36562379941,15411.1573713106,Real Estate,0.19796132272033115
659.594958041989,0.2571381216990071,Low,25774.914652766198,66838.49253956898,17186.724428817866,Real Estate,0.2203897317560072
659.648184353661,0.4159335243300469,Medium,27770.65712171625,61764.27070463224,25689.830791852753,Education,0.300158198179449
660.3764446969564,0.3292584640838207,Low,13411.46876865639,63718.42738526543,20979.831534708956,Education,0.23003575087558337
660.3993680040435,0.2509837508813997,Low,22945.067658363125,70731.05696576305,17752.345981073166,Business,0.21273785689378424
660.6434675105243,0.0937083819551865,Low,47952.92798295027,62068.54231514947,5816.342670669683,Education,0.18968762541545525
660.6450148762799,0.2043208147916159,Low,16160.925223160408,90833.25387925871,18559.124442783846,Business,0.18340703369781972
660.7489094143568,0.1757984350814725,Low,27145.731548184285,86813.09661384618,15261.606529290839,Personal,0.18922188763288858
660.8014364023825,0.20290428016813578,Low,28249.374631069284,89945.87210246523,18250.402433045914,Personal,0.2015933128878839
661.2401809838032,0.11680042104778707,Low,6438.6004266614145,112315.49022289514,13118.496548222764,Personal,0.14057681543552028
661.4745950704986,0.8607125352863944,Medium,28879.91721783082,21062.267141168566,18128.557349954513,Real Estate,0.5678960976880416
661.5236535583321,0.2984470942215688,Low,38335.55683419838,76481.8956083955,22825.799504882998,Business,0.26155126434580955
661.5361430376898,0.19479574828064466,Low,26178.655445787248,74629.7372801522,14537.555517475172,Education,0.19487475204377855
661.6746489815974,0.2910502081419961,Low,32213.62139123343,69364.30782278985,20188.496229448476,Business,0.24640112909192943
662.0115677105457,0.14396743172324739,Low,20802.84486434491,92446.41273441356,13309.272613400834,Real Estate,0.16793847703194376
662.0185163773768,0.40706034171594485,Low,10099.61950627074,75566.36752260922,30760.071385985982,Education,0.2592979010873662
662.0829923989389,0.06697834445576158,Low,9247.888905967817,121293.17133347018,8124.015809704872,Business,0.1291542992983503
662.1277288594787,0.5862749791071428,Medium,32832.13818900904,57856.848871674345,33920.02286344599,Business,0.4074657328211375
662.1485399596695,0.5679970452606703,Medium,33611.06831341002,61456.76576975777,34907.261368499516,Real Estate,0.3983381935422168
662.2979644529488,0.31015657414032677,Low,25619.884484059276,56611.51531532394,17558.433647093512,Personal,0.2428401779715011
662.4039341091745,0.05614501375166339,Low,16741.721024372684,96615.61451109244,5424.485005350694,Education,0.13456692652052626
662.4292882143134,0.559738377513239,Medium,31361.002922776766,33361.41184232556,18673.662536174263,Personal,0.38792640409999585
663.2431109414274,0.11811165213626709,Low,18132.27420726266,80120.59468627752,9463.17580853646,Personal,0.1552731958727444
663.296138451003,0.43268740789112836,Medium,41519.84436603643,39825.21027153771,17231.867001110793,Education,0.33768994979496175
663.4345808408339,0.2512938716459623,Low,25678.34063499974,47028.64852361717,11818.011165776928,Business,0.21657323598120262
663.5276106826454,0.16994342388960165,Low,27680.420752157133,64509.59467440453,10962.981392698719,Personal,0.18705385265319957
663.5690762125507,0.1717047703866789,Low,31759.05119293808,80151.00781445528,13762.31039304195,Personal,0.19401153510750466
663.6052641743541,0.4246292770609523,Medium,31382.348998603455,81872.36579136923,34765.40349725896,Business,0.3109522024182774
663.9378616941044,0.36700862903340925,Medium,26465.05565122503,78931.0955302315,28968.39315865532,Personal,0.271014222541705
663.9666187221404,0.27955758736431774,Low,7271.888118687981,70646.3759354556,19749.73041254856,Personal,0.19780136238846843
664.0076238372578,0.286449683257662,Low,5243.021200801224,73457.96581171792,21042.011039518762,Business,0.19730505095806727
664.1142451621884,0.5033858920284123,Medium,26641.12707749455,84476.65841823575,42524.35805344309,Real Estate,0.34364552761099065
664.1963571986475,0.16472829586777507,Low,52270.92883836737,91438.05008750448,15062.434168386875,Personal,0.22485729514148356
664.3235156913801,0.1204185858363165,Low,49437.49547351418,86411.97337186319,10405.607632765203,Education,0.20150505057432488
664.3470984738423,0.070033768921082,Low,38505.97882592595,85300.95372612096,5973.947282003064,Education,0.16627881861111346
664.575860577209,0.14859706729814967,Low,8839.358845228626,103831.37241315801,15429.03743413728,Personal,0.1527886401193443
664.601923518048,0.1283003566393733,Low,53315.31486010285,105460.5971281605,13530.632222944261,Education,0.2109975533873761
664.6095764430557,0.05019007354354599,Low,14073.075674794858,67245.96880128032,3375.0801196432585,Personal,0.12935942219694999
664.8136985611668,0.2591519425235349,Low,13243.697183133576,87233.52577681736,22606.73765823907,Business,0.19894777105052586
664.8977250255068,0.3769254905364333,Low,19097.052160454066,52418.96457565542,19758.04393609084,Business,0.2611375143348372
665.008090186256,0.2963574610978194,Low,19036.633517624177,79684.29465073042,23615.035252061018,Personal,0.2240387247508632
665.0161675996607,0.28128511031691783,Low,29811.785888990256,81538.54747528325,22935.579321666293,Business,0.23645262384861404
665.1696270465101,0.37006934010256365,Low,22277.452567964992,60485.12373693069,22383.68982734785,Business,0.2638834608975457
665.2455042881047,0.053365075386291164,Low,48916.63587623795,75947.97342632827,4052.9693273320463,Business,0.17488652209974764
665.3016526167909,0.47230924806570845,Medium,38706.57432078378,74755.0645430617,35307.508323436974,Real Estate,0.3529212915487851
665.6276240299823,0.258339031084745,Low,31440.112342026016,99130.17933016713,25609.19447941239,Business,0.2289255160787779
665.7562253315165,0.15597421784348392,Low,32073.135706273086,43595.50560219087,6799.7748877929425,Real Estate,0.18782624029123915
666.0119915752083,0.4506561074841068,Medium,24278.67239003841,71193.22643832784,32083.662305931422,Business,0.3087673682971468
666.0518534834096,0.7485941975741585,Medium,37232.51533666394,54255.07691347087,40615.03576636397,Personal,0.5170995847325462
666.0558302924621,0.2890364642904372,Low,19001.514068032942,64654.230997992556,18687.430329076953,Personal,0.22049461218850383
666.3003459085348,0.3834622590403865,Low,5000,59644.04869791743,22871.24165201824,Business,0.2373671739000869
666.4172444836973,0.35804150739274637,Low,23517.32198141041,75939.61187529484,27189.533106650666,Real Estate,0.26004138969254925
666.6673835382793,0.241403895526348,Low,38405.465340836665,73543.42174686254,17753.668500029755,Real Estate,0.23345439243011526
666.7742579344695,0.24634614371151253,Low,5000,54743.377593311525,13485.819963855516,Education,0.18082098987355938
666.8275891958875,0.15616473956896573,Low,23744.23060226182,100431.10189988317,15683.796872819516,Education,0.17524513925469973
666.8554585395866,0.18248311972250889,Low,19629.559303795206,46962.97874415438,8569.950872695164,Education,0.1788291424945235
667.0572799815084,0.20130380437605278,Low,30446.734416167852,103802.34430898946,20895.806812552488,Education,0.20271146105586127
667.191012375231,0.22962188326781424,Low,5000,60457.25648350263,13882.309090947147,Real Estate,0.17460421941876528
667.2522103223151,0.023476934407403668,Low,5000,56848.72675916804,1334.6338292694018,Business,0.11216533349741728
667.4230556977752,0.2890511697904195,Low,21824.99527103235,86766.34412969153,25079.913269125434,Real Estate,0.22497124894611017
667.6487149627002,0.5408775154130241,Medium,35822.18985636015,76637.48278772645,41451.49127773388,Real Estate,0.385139944947073
667.79597631629,0.15532632807968647,Low,37592.02756777607,98186.59606728496,15250.963433774756,Real Estate,0.19556814183068105
667.830801031249,0.18673552354265863,Low,10448.136094305346,74306.30225226437,13875.626253595621,Education,0.1669770558124975
667.925127706461,0.28022464628597366,Low,6573.342531013561,70049.6272889699,19629.63202951588,Education,0.19585636247454336
668.1722356390527,0.6106548525674493,Medium,21407.471169673754,84135.06438307567,51377.48533659994,Real Estate,0.3921185572273355
668.2689715021293,0.216412116944763,Low,38560.26332141971,67969.73031917383,14709.473226537051,Education,0.2222391106675974
668.2796099841839,0.4601874336498373,Medium,12925.502787211588,56202.40427345289,25863.640187550933,Personal,0.2891340719009479
668.2990070446509,0.3701913974431143,Low,23550.644949776655,70092.23767994258,25947.543416652858,Education,0.26534575818978823
668.4566813077615,0.21715325458988977,Low,39667.233245293006,86531.13926111533,18790.518513922183,Personal,0.22442311067498247
668.4737687409875,0.20727093341398423,Low,33870.238626376005,84428.31112772808,17499.53485401047,Real Estate,0.21035616699814766
668.4799642897117,0.4034626342510184,Low,12756.74133187053,81835.11951554319,33017.41289398798,Business,0.26048553199144586
668.5100184712403,0.12675096591355284,Low,44192.78004640238,76986.64610858452,9758.131756707951,Education,0.19451765616038774
668.5225672319826,0.2767492012959436,Low,5008.339037805254,89167.12894598706,24676.931717654334,Business,0.19188791952412587
668.5304627965986,0.23350907271441027,Low,31387.654879447437,70020.71703041853,16350.472704571146,Business,0.21719119930652456
668.570004232999,0.5926075330215935,Medium,22085.96302032221,74305.76460589514,44034.155852382755,Real Estate,0.38285422513031525
668.8398872682598,0.2278031889531267,Low,31483.944259512333,80197.65588496847,18269.281757161305,Education,0.21484601957476435
669.0977052303813,0.31483733174811535,Low,22261.465384306885,108380.43050578787,34122.205554154294,Education,0.23666476137682763
669.1491474787815,0.42773676812607003,Medium,38191.25561706105,85596.08355830566,36612.5921454787,Real Estate,0.32528317794889183
669.3895515049425,0.4413771092005659,Medium,36266.491817609654,61360.31504004403,27083.038472010638,Real Estate,0.3284579110486668
669.534309021032,0.3850760374725111,Low,21720.200838474462,63483.635187106396,24446.02668220141,Education,0.2686192902851527
669.7070284559829,0.22921895116216764,Low,40027.37280522905,89155.0387091095,20436.024463724538,Education,0.2299639407588825
669.7764389506939,0.6403354821043492,Medium,5000,46866.778063035556,30010.46092567141,Business,0.37025576984065534
669.8509681302171,0.2815318156935118,Low,11228.095248751377,58003.112610704164,16329.721609166776,Real Estate,0.20327020315128044
669.9254233026242,0.3577087124596332,Low,22313.600724757656,80599.3725263964,28831.097771471592,Education,0.2563906547599809
670.1766708285951,0.22934912111432387,Low,16706.18743949047,111248.97115993858,25514.853760404676,Business,0.19120025222875223
670.265135194166,0.11940049138600603,Low,19803.602409896506,77659.39348293752,9272.569742601934,Personal,0.1562652117442547
670.3086930613598,0.34474733898118837,Medium,40575.68276528975,63754.249415180544,21979.107834626477,Personal,0.2859221296868003
670.4486118699915,0.3388160567758343,Medium,49831.10669632443,90038.66065373548,30506.54396007612,Real Estate,0.30199972282609705
670.4548104136351,0.18217037400822575,Low,31381.672962762583,86215.69052736468,15705.94458874747,Personal,0.19561762545217987
670.4748447001094,0.22690872836971812,Low,5000,73016.48272441234,16568.077245025896,Education,0.17279893737064775
670.4980482499253,0.24909276436049463,Low,39676.331680420524,87513.34695530012,21798.941511534784,Business,0.2379889845878872
670.5439804611483,0.20250244263443493,Low,28434.945886890106,110309.08480562194,22337.859117907476,Personal,0.19897589695613255
670.6335490796813,0.12090267698243136,Low,22055.790229180948,98767.86546896168,11941.299335038111,Business,0.1596739061910459
670.6551920919007,0.4219358668569591,Medium,20800.100471882804,74088.27967289004,31260.50250772168,Personal,0.2848217043034024
670.7737321172075,0.0930077637974078,Low,13136.509274986704,112535.91625116131,10466.713917412877,Education,0.13945381101195445
670.8401690639806,0.31516954290475074,Low,30424.91591870525,63168.5722232834,19908.810033557966,Education,0.2513053337919886
670.9387913390949,0.5646883970441177,Medium,35428.04350125999,42745.682576206964,24137.99097451498,Personal,0.3969934674899452
670.9804159118796,0.5446434314207825,Medium,8444.952572044462,53582.15003877775,29183.16606002313,Education,0.3234361765669192
671.161291844211,0.15714542327848172,Low,13269.947612334445,87648.15478111042,13773.50638265548,Education,0.15991787598072496
671.2072797783965,0.12606042408705842,Low,37629.7554317819,80009.85700691753,10086.076505436928,Personal,0.18346665437004256
671.2218027250392,0.13908272550632578,Low,23688.470068342285,87157.93019433078,12122.16248091761,Personal,0.16799313882034547
671.2822871048583,0.15857964852966058,Low,23531.27130335644,89350.84511591925,14169.225614310615,Business,0.17467444890643616
671.8603546963853,0.29776301012095796,Low,20752.916548843492,74469.72249101567,22174.328731797228,Real Estate,0.2255346299791972
672.0477394799974,0.25337634184230745,Low,20345.384419226444,70720.22311548982,17918.831427274603,Personal,0.20602214616692469
672.2050911031666,0.24202530338062825,Low,23838.348089110095,75490.20348517885,18270.53940076577,Real Estate,0.20705038071439635
672.2370475587626,0.14517909993614733,Low,30409.718371536925,86451.65562712317,12550.973551935509,Education,0.17957114182710443
672.4581144216652,0.01762903129695725,Low,18276.630755497757,96072.8359321568,1693.6710314354314,Personal,0.1234830758040667
672.6109840591264,0.27444542444921455,Low,43284.56184690495,81575.02219319368,22387.891590265135,Personal,0.25578335210454245
672.7740664642241,0.40487925014296383,Low,12094.224838307471,72234.71397657631,29246.336829127686,Real Estate,0.2584370367054507
673.02768621595,0.45561918014469577,Medium,28510.36681529722,76835.21553071005,35007.59790634311,Education,0.31787725578442166
673.1314105800302,0,Low,20007.09393426233,71286.82046672366,0,Personal,0.12048895636569057
673.2751607799133,0.0749003625606612,Low,40860.52458067337,87318.71213888528,6540.203197532515,Personal,0.1690638525401195
673.2860418906848,0.33247132767085746,Low,25276.02446175157,95070.65795784048,31608.267873785197,Personal,0.2489512862928722
673.4263702164166,0.16280294240945203,Low,33606.1663150662,107572.31091142584,17513.08873816453,Real Estate,0.19072125358904063
673.6225439811233,0.46821445634764974,Medium,34048.712508570905,49782.320913299096,23308.80232214457,Business,0.33676982876646555
673.727286999855,0.3021085956753153,Low,31521.550968353367,63464.57338863335,19173.193141573007,Personal,0.24630011103362742
673.8645533202138,0.25936504623410367,Low,33297.23734568814,105067.96603534301,27250.95786847997,Business,0.23009271677212434
674.1617042102376,0.212866166585167,Low,10092.059877477199,71262.56711677281,15169.389483165605,Real Estate,0.17413346863896353
674.1885478439021,0,Low,39404.57194422206,63821.563054568236,0,Personal,0.14237545697505416
674.8372619925476,0.4207109352987956,Medium,23340.01947164006,85438.83131233795,35945.050632249724,Business,0.28787814614059154
674.8389123533752,0.050960704902016776,Low,17060.018313274435,51075.867518386585,2602.8622122190027,Personal,0.13091527574112344
675.2267876455463,0.029687844932174027,Low,11608.187267621739,66310.07545135368,1968.6032374405477,Business,0.11906909930065238
675.8281015104819,0.1658077194016814,Low,54588.13265184712,98588.80241442574,16346.784486878913,Personal,0.22579010308334735
675.9238663449177,0.41694273435220536,Medium,34697.34306588656,77614.81154572182,32360.931752104374,Business,0.3092823413285144
675.9700125351619,0.28537894005506126,Low,25520.706231288426,79442.67543267425,22671.266510114834,Education,0.22719223086253398
676.2024488178739,0.3887259593816867,Medium,34123.69287527453,58683.79430069123,22811.914239693757,Personal,0.2931266774718962
676.211785673227,0.4197017204034445,Medium,44191.97397486627,45729.70103735763,19192.834198914177,Education,0.3313377392837792
676.3026217195803,0.44833278639913565,Medium,14616.245061011554,56012.02222336114,25112.02599524981,Education,0.28363922936237235
676.4200374070966,0.5641515702494977,Medium,5000,57054.91257028337,32187.61851697317,Personal,0.3244702175856047
676.5682976957265,0,Low,8465.953893162168,61378.96685050239,0,Education,0.10819768515614708
676.6410854975322,0.40530591704163704,Medium,23085.17977722715,55285.47907328913,22407.531794885683,Personal,0.2788936882263497
676.6933692687089,0.32434905960108307,Low,17133.27795606022,70263.62786519983,22789.94162223802,Education,0.22935455180516776
676.7905911445752,0.3671041913856155,Low,5000,60997.583701216536,22392.468641111496,Real Estate,0.22678129236185868
676.8237712692322,0.3604361283376758,Low,19056.554828473603,57878.323481822656,20861.438830463747,Personal,0.2492270361735894
676.8904491500344,0.10107994038899543,Low,45767.98071390859,88721.02919996879,8967.916342783168,Real Estate,0.18480398070427848
676.8997995316984,0.5284760513095146,Medium,32313.404456300777,64542.799456934634,34109.3237974627,Business,0.36581687537252544
676.9117900069936,0.21366743673182315,Low,5000,73511.33141799907,15706.9777548274,Business,0.1665356365897067
677.3439673491227,0.11227779651009173,Low,53805.51253216392,87655.6373221257,9841.78181021603,Personal,0.2015615213366342
677.3797774711265,0.32813683260639337,Low,14948.271993186507,66089.94957198456,21686.546719667276,Education,0.22696100475470246
677.4897691479127,0.09111250555648648,Low,27910.77915408811,70617.98942382271,6434.18195376595,Personal,0.15594936371364368
677.5551408262947,0.14673284141292461,Low,24326.604548161944,120977.962472385,17751.440181919214,Education,0.17000562574790418
677.5673824214774,0.21621884912161451,Low,40404.79394979598,64484.899566384775,13942.850769966615,Real Estate,0.2225076912758193
677.7243877349379,0.32740572051449895,Low,16658.218798588292,82373.46617745803,26969.544045107355,Education,0.22954401604397653
677.7294391033881,0.044818341934426124,Low,34973.90743452612,53369.0399277121,2391.9118801922414,Personal,0.15005009612190578
677.8261525093069,0.12292416493565209,Low,31273.086338319583,94431.4190190871,11607.903326609936,Personal,0.17134532852498888
677.8588309344212,0.2880789108195413,Medium,59554.58128157183,84579.59651492783,24365.59804157668,Education,0.29307865735334504
678.0346356186185,0.5379103459347284,Medium,43272.920676313835,53378.73344800205,28712.97297457244,Education,0.3967496904823013
678.3193717648144,0.5613633641280111,Medium,10369.50959082625,74300.23019006077,41709.42717497813,Real Estate,0.3340484941740322
678.4280414812612,0.41462036602608227,Medium,25118.20277042092,53378.869191834754,22131.966282376892,Real Estate,0.2871035937154748
678.447053356455,0.44530829032368907,Medium,13909.428888114455,74337.46054252406,33103.08746119608,Business,0.27991273922135207
678.7212843904002,0.45925324229554737,Medium,10559.011520730815,48436.27902203139,22244.51818559972,Education,0.28008899220797234
678.8223924562881,0.41091752932624975,Medium,32833.75954026668,69611.86331110884,28604.734883597455,Education,0.30105260808227097
679.0369810132803,0.2560484722268888,Low,32368.114981179944,103055.88621872198,26387.302220291847,Real Estate,0.22539510110289898
679.3081126952882,0.19349696238151987,Low,20094.740235853435,74840.54717366766,14481.418541075533,Education,0.18033356233730807
679.3955526076973,0.24820426709947271,Low,40871.77487630725,95649.30521102293,23740.565698475722,Personal,0.2369083270267787
679.5349839430693,0.0440604402261,Low,19956.17891978392,96142.44452437831,4236.078430157506,Business,0.13130531145680893
679.6739342385271,0.3661944715849936,Medium,30937.296716438846,52490.21905403247,19221.62802987198,Education,0.2739714483163665
679.7201990585477,0.3761821231831349,Medium,41558.16014974387,54879.65237000596,20644.744148101203,Real Estate,0.3008046077151943
679.9645702711678,0.24659405292663034,Low,31768.379789777624,152054.62981309442,37495.76743186939,Business,0.2199824675455542
680.0103532459099,0.40316686033101456,Medium,42386.110974338466,65787.22458080425,26523.228784134197,Education,0.31685995038608655
680.0263979428298,0.23388022488660615,Low,43007.97487710809,70606.56224324976,16513.478655921408,Real Estate,0.23410662775014238
680.0602737681112,0.271634228192488,Low,32290.544341264555,106584.25631014783,28951.932200277322,Education,0.23181065463510653
680.168775329858,0.18038312607705512,Low,26846.173024842716,66348.83624360758,11968.210493196551,Business,0.18529479491883036
680.1847835923924,0.432693171015456,Medium,33741.063747607965,71320.33327294642,30859.821161750322,Business,0.31406508111247716
680.3399922279999,0.06927258466541154,Low,32734.421326659347,129403.38333179237,8964.106827842292,Real Estate,0.15445555984276868
680.3531579314089,0.19359232780584404,Low,32541.766403427915,83258.62908551248,16118.231814587713,Real Estate,0.19921230664914566
680.7136533918217,1.0660883576891924,High,40111.65959792798,34497.14826684786,36777.0081407644,Business,0.7037205223372498
680.7809166974802,0.4528739347031473,Medium,36743.10602422859,70381.30939582644,31873.86051564751,Personal,0.3314216431999104
680.9573888707876,0.32693003287162875,Low,5000,78074.50211891056,25524.89954417148,Education,0.208438354077667
680.9808328846995,0.3171246317285512,Low,24436.44032530778,76371.25949612055,24219.207542352848,Real Estate,0.2378406217135688
681.0443244147981,0.22166925282380506,Low,5000,61399.505568430184,13610.382523104978,Business,0.16830754539516438
681.1232946406024,0.41890145948032825,Medium,22909.041990051486,86737.14187600541,36334.31532301096,Education,0.2838104631611119
681.1951521642478,0.3542259534115214,Medium,45283.040183007164,110095.8836396873,38998.81934895215,Education,0.29656400944400774
681.2694210271205,0.04362068502778433,Low,11131.5382843285,108742.83270145129,4743.436854299052,Personal,0.1211193102661022
681.6398497705793,0.45841140072661546,Medium,41588.50636535963,59817.34676892604,27420.95372009307,Education,0.3450249777921379
681.7076208744012,0.2238679787907471,Low,35817.03043818373,75204.66122039175,16835.91550305198,Business,0.21667091773024147
681.8968917723801,0.2656314402397162,Low,26978.919501579356,90150.1542009461,23946.71529822981,Education,0.2193463386494087
681.9118997480014,0.3707476716296521,Low,20537.766986892246,75368.36758379103,27942.646796218272,Personal,0.25518880157657814
682.045958769786,0.37662655175016,Low,20487.103792887607,76204.60419882053,28700.67730688754,Business,0.25785004983140725
682.1757334321733,0.3311891188683134,Low,29825.178120647503,62503.628446086426,20700.521631131815,Personal,0.2539576302933318
682.488684359048,0.2475534188323891,Low,22765.460353490547,68572.28316694013,16975.303135118716,Education,0.20458936260930807
682.5443850928009,0.33375633013850003,Low,5000,101142.85508564857,33757.06813311619,Personal,0.21080177867724462
682.7467055499924,0,Low,22594.59878432754,63462.16260953702,0,Education,0.12143602579732847
682.9011367404198,0.3555552303564234,Low,5000,81673.24210573896,29039.348410861952,Real Estate,0.21990302636885756
682.9966315133164,0.24185250961187224,Low,43003.92624608244,104312.97537843109,25228.354880354997,Education,0.23674336166930354
683.4672168518125,0.13463865116728765,Low,18934.038652240582,99756.32623946923,13431.057210286042,Education,0.157071423081837
683.6018430641873,0.45519195798863404,Low,5000,70056.45234958806,31889.13371474643,Business,0.2653437985133602
683.7977633958044,0.16287257678360348,Low,50435.84316716298,114294.50265832778,18615.440160162263,Personal,0.2149803599470249
683.8740259259431,0.4425250796412679,Medium,25426.863717747383,69377.9941422809,30701.502383164276,Personal,0.3002190085202023
684.099777820678,0.13944079917392369,Low,20737.67353106804,89515.33247797383,12482.089499048157,Business,0.16093924704235932
684.1913313964681,0.2591633733484547,Low,5000,112640.48992950068,29192.289345752033,Real Estate,0.18101467890978612
684.260472481695,0.5343059770405164,Medium,33064.4485442482,44489.49658150523,23771.003939021866,Real Estate,0.3679296260515178
684.2659071282512,0.3154316988714461,Medium,44154.480791322814,63212.704861115766,19939.290884601065,Personal,0.27340718714255646
684.284358070168,0.10752807953947849,Low,13648.540344761104,116508.01597290878,12527.883208521765,Personal,0.14157678327196885
684.2946503146666,0.4132578439155171,Low,13066.643980886765,85018.34375248762,35134.49743242131,Real Estate,0.26042365946823287
684.4328795480719,0.27958058951048365,Low,28034.93194634203,74283.47921780097,20768.218910602554,Education,0.2264402263045859
684.5876242224186,0.41193571825183833,Medium,21060.107195257486,98900.93257849685,40740.82669749974,Business,0.2753480693470452
684.6686187138325,0.27188040714248146,Low,16776.99552749841,92547.24581151342,25161.782871149582,Personal,0.20411554856364686
684.7672099720654,0.31994416246458784,Medium,42875.61245660597,93713.56786294922,29983.108981479603,Real Estate,0.2729322253433465
684.9033769769472,0.2772543317857338,Low,39243.91857046732,66071.32770898944,18318.561814152104,Personal,0.24544079204313335
685.0928147630993,0.5375367031984114,Medium,39273.24655861064,59334.93415327526,31894.704889246408,Education,0.3840452552676281
685.2177968761606,0.11360855131634358,Low,36578.802322550124,68309.97528318103,7760.597332377434,Real Estate,0.17373297883865513
685.2876895635741,0.4330870268743127,Medium,27873.660942911345,37209.18538108938,16114.815469111141,Personal,0.2998783863169319
685.2947226557617,0.2740293533205607,Low,25187.489828608755,59149.58523134599,16208.72259012513,Education,0.21884748400074883
686.1773847977792,0.21181838527470284,Low,23404.944962030277,73861.08752557865,15645.136294301567,Real Estate,0.19041654395681668
687.0628570043732,0.2785575073981177,Low,35392.86376356155,91409.64362394728,25462.842480036998,Personal,0.2382783886521879
687.1694233671126,0.34550247373699605,Low,5000,69226.82722159724,23918.040054025463,Personal,0.21435092089313845
687.2443916548445,0.5411008800060475,Medium,17131.494793494236,49391.41295007434,26725.73701202731,Personal,0.334318527573228
687.587899612437,0.23678011523726247,Low,36640.418707652134,81823.03949633287,19374.068721004776,Education,0.22182961171193272
687.6177436016861,0.28436510659812936,Low,28363.246064361894,68977.92608821423,19614.915304992926,Real Estate,0.2281304666921833
687.759534192949,0.8505686119601757,Medium,42958.70385467842,39739.19689274532,33800.91354147452,Personal,0.5847528205261451
688.0009112926393,0.06038084164099039,Low,46763.913224188174,104022.87215590084,6280.988570686437,Education,0.16860756425907908
688.2380420618258,0.2140105148299186,Low,37701.56162824741,79549.19869208259,17024.36496640008,Education,0.2137452745458819
688.5919669896765,0.12581510972007898,Low,27407.3443596022,78961.6952153571,9934.574347203588,Real Estate,0.16430337708061732
688.6670832185204,0.43172227233158134,Medium,23513.585496380965,42850.33530877545,18499.44412967473,Education,0.2888751720507599
688.7605709454256,0.7740656232323284,Medium,32541.17211236222,41611.894377572564,32210.33695525353,Business,0.5112770742703736
688.84104360697,0.4025634232902971,Medium,33546.405357979704,63012.499540924546,25366.52752527286,Education,0.2944789197773549
689.0713310056985,0.7995184244317041,Medium,44549.17055974096,41780.78132968017,33404.504460231445,Business,0.556823335271004
689.1917258161252,0.41605743670853407,Low,5000,93765.67611951995,39011.90685753008,Real Estate,0.24488578443306624
689.1924772376848,0.31551055648814663,Low,19172.18837225486,77218.45179419732,24363.23669674032,Personal,0.22518120705262384
689.2370289447862,0.18272777164593149,Low,17478.96779671545,104070.68154314633,19016.6037320525,Business,0.17013207248899564
689.4853083805198,0.05187197253463729,Low,5000,78463.61851702364,4070.062664683308,Business,0.11536655811943058
689.5317795632512,0.11423993501521973,Low,19913.16581094942,91463.41167923828,10448.77420650647,Real Estate,0.15032053147154137
689.6794955683772,0.17240187365495707,Low,19064.78932365604,94510.90254244718,16293.85667913894,Business,0.1686214611535949
689.7053815476679,0.25785500810376816,Low,22069.14473234464,87658.63635511021,22603.218387712208,Real Estate,0.20557654746022386
689.7512492014064,0.219468765819508,Low,26551.571939621597,84866.35801761778,18625.51485372308,Real Estate,0.19733724862317528
689.8646132815603,0.18881586169773582,Low,21460.450191835425,71839.84202842021,13564.50167682538,Real Estate,0.17788193317247128
689.8657853702798,0.0674558655524395,Low,49477.85348633664,106292.87311628013,7170.077758114303,Business,0.17451044543582256
689.9474073398247,0.21484952146226183,Low,46545.03108558968,90492.68106858674,19442.30922342294,Real Estate,0.22882106006576974
689.9905216859356,0.26683270504248824,Low,9255.167516350883,90208.29312288595,24070.52287124535,Personal,0.18877388616067492
690.3633664699472,0.44016627493016947,Medium,59071.74618134194,72709.20309494765,32004.139079444256,Personal,0.3711806494375086
690.4829707637313,0.41492825297060576,Low,17352.89960213676,62987.2262016239,26135.179727304167,Education,0.26744005386985237
690.5641846139737,0.7320731712447811,Medium,40107.00004709739,55424.72568435385,40574.95469711699,Business,0.5031525206874736
690.6646853686469,0.34038376297855605,Low,5000,70317.26086101639,23934.853854217497,Business,0.21117444984094436
690.7356591585263,0.20764572185830588,Low,31937.25436100281,82544.23750129042,17139.957781198893,Personal,0.2009353835559215
690.7698252728144,0.19214033404962616,Low,5000,98385.91180891346,18903.901960741692,Real Estate,0.15595283698199502
690.8387781881314,0.2757414462339206,Low,49131.712836015606,78329.04416426113,21598.563919974004,Real Estate,0.2614479208033319
691.0270713506933,0.29551978164318826,Low,8392.647747963223,98780.33062215103,29191.541736100015,Personal,0.19833495048380095
691.2653961020471,0.17448150116547698,Low,59086.52080670323,105047.14104192056,18328.782862135886,Education,0.2327565409189537
691.50353795957,0.37048077053874495,Medium,56290.70574305671,91508.3269797606,33902.075490173134,Real Estate,0.3249333423304825
691.5350452859342,0.08499084413871964,Low,19377.669150672908,79645.07394322006,6769.102065925017,Business,0.1401430730318587
691.9702250267688,0.4385581822914026,Medium,19355.48912612506,54295.153551612515,23811.583848827777,Personal,0.28268668133097197
692.0660967458391,0.3778732406284203,Low,5000,78735.33528954157,29751.976297824298,Education,0.2267753039025949
692.197659895425,0.27011108655792737,Low,15957.690163240575,78692.67717064609,21255.76453471542,Business,0.1999397983135282
692.3252389216002,0.4728744278926739,Medium,31838.56292756054,90741.69207484904,42909.42572590742,Real Estate,0.32713347300423845
692.4654297820864,0.5493413671413157,Medium,22894.374116419953,43867.41652952193,24098.186569285124,Personal,0.3498495350959084
692.5100103125848,0.14267765863496729,Low,9613.709745395841,87207.4053086693,12442.548405071553,Business,0.14563621523166453
692.6120198213339,0.24263720442793785,Low,19954.195818832955,44536.26190432451,10806.154084135766,Education,0.1952703244731301
692.6582619018991,0.17899976129723075,Low,28386.422846676316,97985.46652571352,17539.375118700515,Personal,0.18377550872567025
692.7691877837159,0.4211543834276176,Medium,42918.88330770596,68479.52935664318,28840.453963610496,Real Estate,0.32290376613604704
692.8876270071376,0.1778650191570629,Low,5000,110953.73053699045,19734.7874075094,Personal,0.15083329217532554
693.0140253291443,0.6503055178061876,Medium,14075.916963900805,58834.03429289697,38260.09713546936,Personal,0.3878299903940585
693.0221131666779,0.2359985905844911,Low,7854.710318894071,68146.24811839302,16082.418509561781,Education,0.17444640581926982
693.0625265616928,0,Low,22515.528845235516,54949.41270724383,0,Personal,0.11942398149266971
693.1280664500963,0.3116192077951309,Low,6967.7571088586665,81625.26862807128,25436.001545944324,Personal,0.2019031892384943
693.1743607665529,0.15257274054897793,Low,7884.8723537089245,88393.45097660077,13486.431062081709,Personal,0.1464189711935163
693.2010040666835,0.11335852875896911,Low,45438.44279068678,90716.00317301665,10283.43265458714,Real Estate,0.18459583485732
693.2681174699815,0.17945751129333382,Low,5000,91250.51644788396,16375.590585968679,Education,0.1512577070925541
693.2939114826024,0.36014240881405274,Medium,51726.9836315659,90179.38440986535,32477.42072673734,Education,0.30877895792648835
693.5028679195711,0.675607203882858,Medium,44359.666913838206,46384.49795763903,31337.700968670644,Real Estate,0.4772123193255896
693.5747655412824,0.48772730219945637,Medium,22794.61864853725,60030.26926886893,29278.401280812373,Real Estate,0.315033483376017
693.8688468979096,0.20235662058829135,Low,18052.579568719015,70484.47399026928,14262.99996061421,Education,0.17681789445507742
694.0318202245069,0.278550841045779,Low,12769.365575258184,45428.27508440317,12654.084232019508,Business,0.19770643908437377
694.3664452201505,0.29056977460575534,Low,30694.59472578948,58661.28658025528,17045.196819708395,Business,0.23290461430336545
694.4361831412511,0.3865708143976536,Low,8147.58950140603,74045.7728771604,28623.934723827588,Business,0.23548891434326208
694.6096364163186,0.042393902545372265,Low,5000,74671.54207854495,3165.6180777904992,Business,0.11206724160698817
694.7112064506747,0.17871349477026754,Low,23327.367592855844,82331.96492193696,14713.833182502432,Business,0.17567871200672255
694.7812244373548,0.25286368538562487,Low,15785.152838555585,74010.72580695135,18714.624885610694,Education,0.19215408391296215
694.828777257038,0.6038129047934868,Medium,33946.61706372629,41150.707405703615,24847.328172944748,Personal,0.40680964009993364
695.0237179805414,0.20798108010118566,Low,36395.684432262526,94372.89981065778,19627.777634901584,Personal,0.2070823386585321
695.0553669595871,0.2673865157001378,Low,9761.817595150325,75595.12278991491,20213.116486719424,Business,0.18839333591740304
695.1909297802438,0.11261436133129055,Low,14244.757763080957,107899.35427002568,12151.0168691776,Business,0.14150764368263127
695.5654336721442,0.4558911193607536,Medium,36162.78565472552,66462.3786010516,30299.608175811612,Education,0.32604833500659514
695.8077978591389,0.35712306853068243,Low,12241.970818794342,89259.96860344776,31876.79388461564,Real Estate,0.22922918981811516
695.9825912959489,0.23624119765790835,Low,19329.88151472674,46397.17244078735,10960.923585352102,Personal,0.19087992515587904
696.2028514110781,0.23420957011392735,Low,18816.688824632947,111932.73992095332,26215.71889856051,Education,0.18924822004496078
696.337238230116,0.2506316438711691,Low,5000,76941.5509869608,19283.98740585936,Real Estate,0.17476134676504376
696.3910586421542,0.4213691519375634,Medium,23303.079212263896,82889.04284756594,34926.88568959522,Real Estate,0.28040133601601197
696.3939762079679,0.2084449937277608,Low,32131.46023789935,90107.82451651512,18782.524916167164,Business,0.1999665463496826
696.4754367786504,0.2356234341049665,Low,10861.629913121855,100569.03725214598,23696.42192198094,Personal,0.17778902681102177
696.6929983284267,0.24479967806933997,Low,38082.95500109467,86862.02515936768,21263.795795464117,Business,0.22502321713559784
696.7088208622449,0.28893307143624325,Low,49650.67233706801,63576.42020434406,18369.330360562362,Real Estate,0.2668532993318136
696.7529014542059,0.16238166860808378,Low,34046.4202742325,50557.44382216109,8209.602088401974,Education,0.18495276967057817
697.0025647284446,0.547593497498484,Medium,19649.90298730193,47344.00538071328,25925.26949201183,Real Estate,0.33972459528016447
697.0294608200248,0.29342773170021935,Low,28117.0376102997,77313.49268585717,22685.922788632568,Education,0.22876245339288664
697.1168917244811,0.09848488751780493,Low,22609.566517811403,94653.81967891028,9321.97078420807,Education,0.1470537463455675
697.1893940774943,1.2783030816092504,High,28188.61045948322,32522.08551380386,41573.082132655036,Real Estate,0.7768337898148374
697.3838241769168,0.29774103080887704,Low,21764.985436785515,103825.4657813223,30913.10120594269,Real Estate,0.2194841708161457
697.4825023649847,0.6094432596782249,Medium,26097.95486502542,52788.483090683425,32171.585208254965,Personal,0.3902494528904734
697.4900012283954,0.1679085639786912,Low,6740.759616692809,76922.41553881967,12915.932330895372,Business,0.14884538674466838
697.625248417844,0.2932484814019092,Low,29666.649867147928,61472.153958814604,18026.61579692674,Personal,0.2312412475016909
697.780667439283,0.15679716311310005,Low,37452.87717793915,85275.71901824417,13370.990824490518,Education,0.18772574075939277
697.9226809104811,0.5330234177201072,Medium,28278.010636164185,79383.00655327878,42313.001461926324,Business,0.35062579139712824
698.1815941312484,0.12100667943499333,Low,27221.341296974144,65315.31854267497,7903.589813087945,Personal,0.1601173689939785
698.3740832737152,0.2872205657294005,Low,10515.027947151879,61747.52482108307,17735.15901150168,Business,0.19635661349285388
698.382464649571,0.19726935479689645,Low,40189.56114466108,74247.30595150303,14646.718140460773,Real Estate,0.20794278756272672
698.436657365876,0.13803325492685778,Low,23144.065805877457,92792.61591246874,12808.466807575798,Real Estate,0.16029813483543623
698.6052736303432,0.2691171738829453,Medium,56871.57104525442,81769.92814988828,22005.69197230943,Real Estate,0.27065060455940576
698.8204763048758,0.6420741322527347,Medium,14396.611480189766,46692.585158991715,29980.101098596522,Business,0.38129360115709576
699.1494492370464,0.20432896308561296,Low,37744.179827743195,97174.07161165815,19855.47729121721,Education,0.2066022967531168
699.316165890578,0.3488281084860215,Medium,46432.86561720351,62769.64394016103,21895.816165987435,Education,0.2895257584534458
699.3404260344602,0.3641816482159534,Medium,40977.579485715796,64545.539589619206,23506.300992735592,Education,0.2862023893236607
699.4579597833964,0.4721003295237783,Medium,44970.08592982605,66694.24172198397,31486.373494287152,Education,0.3533409127969177
699.4807088685452,0.14647806660014154,Low,62673.34827376635,80088.41686602426,11731.1964596014,Personal,0.22418385444731323
699.5232424964445,0.5955303847899986,Medium,23599.197116500774,52873.300519879434,31487.657003721033,Personal,0.3752791296466406
699.5347960464072,0.35790786137016606,Low,5610.619792716061,98585.94368127652,35284.68426412532,Personal,0.2169385026488166
699.6207983589384,0.09778492216485787,Low,19861.761987133526,79177.2719000951,7742.343369976588,Personal,0.14288340481514508
699.6898649108126,0.23339472833673397,Low,19034.804595780937,76645.67978550849,17888.697611723055,Real Estate,0.1883278839092156
699.8963524973404,0.18991792386950893,Low,31867.08414888677,49098.42455872768,9324.670857457271,Personal,0.1912906536405272
700.2147377480849,0.28126536444605577,Low,25690.041208799114,73809.492878764,20760.053914124113,Education,0.21829855434231785
700.4303653850884,0.5266365438718795,Medium,19422.131765820017,62744.22619031228,33043.40242878153,Personal,0.3262399448177096
700.4326405740335,0.37350879895259387,Low,10304.181629247898,58455.38112895354,21833.599197791555,Real Estate,0.23160976984555223
700.4881397979749,0.3624520390984041,Medium,53466.50525118965,106863.73253278794,38732.977762175455,Personal,0.31101885006682545
700.7432750180956,0.4964447111267858,Medium,14279.789845143523,38182.515373367096,18955.507814625285,Personal,0.29886759436456484
700.9199110444342,0.3139062028123192,Medium,50145.89540812305,92991.99750866502,29190.764829877684,Business,0.27874546961350105
701.004724522592,0.9151151889369956,Medium,22030.934065229772,42449.151242336746,38845.86305934609,Real Estate,0.5673457882967924
701.0486472194694,0.25077652731410843,Low,21359.7808478195,79873.74422983825,20030.460201534144,Real Estate,0.19835531278469876
701.0793305307228,0.09124410853846827,Low,31246.69057152179,75420.07683265518,6881.637676498405,Personal,0.1549070133664209
701.2943603096518,0.34547517386024407,Low,35690.680432919966,57322.851275977344,19803.622010733186,Education,0.26561538592006234
701.6479912680348,0.4179963918733839,Medium,29696.98210019733,59062.094890590466,24687.742560750237,Real Estate,0.2898234746501599
701.8369275866755,0.4531108580155685,Medium,21428.34345531919,56461.39056843834,25583.269125217223,Personal,0.2908054969388585
701.9237869404864,0.5277403304796491,Medium,23661.487686678265,43986.731378677345,23213.57215450273,Personal,0.3356537542413699
701.9750615310113,0.26730596335587786,Low,27941.97188535861,76939.91929985436,20566.49924897107,Business,0.21566754646126185
702.7370456070568,0.16520377278192422,Low,44552.61897902138,110416.0127127102,18241.141875676632,Business,0.2007539885985961
702.8640202307621,0.1859653710975856,Low,42921.442928154065,84620.18463473427,15736.424037944567,Business,0.2064889748188753
702.8843293026777,0.14679688238868693,Low,11645.232279701922,95883.21754138144,14075.357408471056,Real Estate,0.14717405004579276
702.8886433075943,0.32906658610119477,Low,5000,58635.58633533055,19295.012219409087,Business,0.20298761380818733
702.9193351775742,0.3023812215522594,Low,27366.421589406542,59034.055109230925,17850.789697112647,Personal,0.2295544697677413
703.1030446625948,0.18598434513782364,Low,47551.29742643499,35958.24400954996,6687.670464422219,Business,0.21411516418489518
703.1086333040971,0.07228797753056954,Low,35684.83239370243,92127.97588646944,6659.745050817955,Real Estate,0.1540462674257433
703.1295646426976,0.25126911295810705,Low,33310.86656673861,67293.7280627648,16908.835357974986,Business,0.2176293139232371
703.1592397633792,0.10925583384978407,Low,15485.712284658954,105591.00638921227,11536.433450091265,Education,0.14029131164620362
703.1603146049562,0.5427769402943449,Medium,42891.027481246216,60743.084346456715,32969.94546561109,Education,0.38816823311199006
703.1644265059053,0.37062038609443304,Medium,32819.19857520722,49408.460665285966,18311.782768099893,Personal,0.27167607431833196
703.3179187223167,0.47616226662636824,Medium,18760.49608078962,59925.27671285021,28534.155587803078,Education,0.2966840109905297
703.333549098304,0.2189883862351549,Low,57761.451000706846,49969.21151619112,10942.676991373812,Education,0.24673701275558194
703.4633794904263,0.21873576283907395,Low,62277.84875018337,70193.4920368373,15353.827027016068,Education,0.25506319159633617
703.6001135459637,0.5237173690685216,Medium,7425.1847902365735,51042.44214822303,26731.813512699584,Business,0.29773604709994084
703.6203138940189,0.3628137865117562,Low,14845.07292312203,56243.499201697545,20405.916912038825,Personal,0.23393966166049593
703.6816038405727,0.2439149074584653,Low,47461.4752476944,87771.84917554748,21408.86246911204,Business,0.2391420330482781
703.8178884678109,0.3210519658234437,Low,31802.63068831701,74730.05550524133,23992.23122605279,Personal,0.24575626003376957
703.9720759043032,0.149585577565852,Low,23708.954608136602,87413.44195101356,13075.79020126144,Business,0.1636591719747574
704.0933030859246,0.1067429552237525,Low,43312.319482195715,80409.13651559678,8583.10885866495,Real Estate,0.1761667706736344
704.1033363667693,0,Low,19257.74215580547,80341.00531738518,0,Real Estate,0.11405663755152028
704.1124476340328,0.29357632360740693,Low,27350.40592369787,61005.489840148286,17909.767427139748,Business,0.22528891695747036
704.1343943604606,0.793974653351195,Medium,7391.800533865411,38902.35798670962,30887.48619704186,Education,0.4541949203923212
704.193832559402,0.6290255946122975,Medium,13159.922414204884,44685.11770005536,28108.08273159782,Business,0.3685291918535495
704.3936142435537,0.6452056198620322,Medium,31559.697805584412,52140.59404338754,33641.40429973844,Real Estate,0.4220322040244221
704.60094239964,0.30500107151960804,Low,9604.461885011619,79899.33142217445,24369.381697463497,Education,0.20022861487638782
704.8871544545697,0.28024596312603295,Low,9778.607602212218,91270.19272001277,25578.10306351862,Personal,0.19069238219441503
704.9110874248393,0.062179448623453516,Low,18113.645346715122,98171.91158014808,6104.275332364039,Education,0.12927596941587172
704.9842555151467,0.5146107339826916,Medium,25282.285746108977,63927.013893056355,32897.527540827454,Business,0.3307621102251294
704.9932061870186,0,Low,29215.138754227093,64101.618263821,0,Personal,0.12434042119743838
705.0332860690605,0.2370654825391671,Low,5000,58490.05606414977,13865.973364590602,Education,0.1677703030259995
705.0891368083772,0.04102955811998854,Low,52107.94965456828,94185.41652170414,3864.386021232589,Education,0.1651191679330314
705.2735079583314,0.4916255034003702,Medium,10265.589486179806,53845.78142088199,26471.95939702741,Business,0.28641072804822476
705.4134319837294,0.18624101904608031,Low,19104.208644078986,102643.17982075055,19116.370407946648,Education,0.16963692897554183
705.5396044263797,0.3151844492336966,Low,31671.607117473923,69622.22618890338,21943.84301577336,Real Estate,0.24224826885134312
705.7127378008918,0.0032863676791202345,Low,40959.114813412845,102372.63115064698,336.4341062399835,Personal,0.13852820650409262
706.1257052632878,0.3109345971354992,Low,8870.314104261432,61141.80809478692,19011.103468088575,Education,0.20099863263626394
706.7252824240275,0.3590674462433678,Medium,51417.8218730106,85941.94762340076,30858.955658315783,Real Estate,0.3025223251796774
706.7314543061218,0.3545953044256533,Low,24515.790834257947,66762.46067755065,23673.65506816178,Real Estate,0.24684192415960102
706.7408668172955,0.1030990632689812,Low,27098.30849258691,88170.8854534566,9090.335697848017,Education,0.15206975786637225
707.1739689335046,0.2832565282576792,Low,33521.54807692969,43321.943530285535,12271.223321763908,Education,0.23065839903619062
707.3559557587605,0.07185093709583233,Low,36094.79727587007,118809.11251619957,8536.546069813121,Personal,0.15346228728227698
707.3632398688983,0.2441157828742505,Low,11848.393281822327,73995.23781101726,18063.40540720282,Business,0.17953299630976344
707.4441917658683,0.18273407749662715,Low,50680.60426026839,70221.0390626718,12831.77679397195,Real Estate,0.21673601537710094
707.5738137619761,0.19401567191387012,Low,37611.01723194324,106023.03951045046,20570.131248970843,Personal,0.19980551766936708
707.6149968839761,1.292330296382047,High,22867.80194589181,21980.603832139757,28406.200265045532,Education,0.7704354132226384
707.6625609992392,0.43541214872289297,Medium,58187.96559095863,72112.79176152115,31398.785611290456,Real Estate,0.359299396435629
707.7756323171125,0.3153118942874696,Low,23448.53163564574,73678.40402705366,23231.677141847817,Real Estate,0.22683830231421273
707.8845530362562,0.1900769586927518,Low,29697.7671079747,88131.07217267659,16751.686164913775,Education,0.18587523381735793
707.9069757259253,0.4186708239505573,Medium,27520.897089502305,75521.82100421668,31618.783026081903,Real Estate,0.2834603004932198
708.1440430087177,0.2381505539063803,Low,5000,83165.05511428944,19805.803941122675,Personal,0.16738294136919038
708.23029629468,0.4494817084609356,Medium,31998.179671751903,51334.829746684496,23074.066978091007,Real Estate,0.30871533317835836
708.5306498609765,0.29707608916958456,Low,42709.61368678217,93523.55095063282,27783.61076166638,Education,0.25339970727795935
708.6028720857072,0.728203888210769,Medium,28788.532689949352,55701.53078839791,40562.07129940322,Personal,0.4645394808020469
708.65639066206,0.22651543602387267,Low,22534.97191171913,74208.8969228669,16809.46064333382,Business,0.18863075921571926
708.7602508053283,0.23077165042046419,Low,5000,72058.85236995723,16629.140288819606,Real Estate,0.16467813335985138
709.1013283542363,0.48704702183951737,Medium,38084.73070042676,33532.195351837014,16331.755881853125,Education,0.34233848286436513
709.2206490236242,0.24708244821491407,Medium,68026.04583500153,72705.27117066202,17964.196398976383,Business,0.27816155563134626
709.427663488536,0.2307796488299044,Low,52444.303025741305,44703.055506282704,10316.555451363647,Business,0.24039064288736156
709.5907066870689,0.29045585503440674,Low,47424.07341179854,84471.84861270363,24535.3430151398,Real Estate,0.25887221035733204
709.7514732917782,0.01493288666687858,Low,33792.48700589175,83592.36438265172,1248.2753035425558,Education,0.1327055800597194
709.8614109126693,0,Low,30600.228395670973,74344.93459568004,0,Business,0.12491425613484958
709.9397194780955,0.14683609773239353,Low,35392.836337267174,123915.03959233653,18195.200864093742,Business,0.17772811070229524
710.0603374464557,0.2009614135161099,Low,27105.398047720704,82142.25143023493,16507.422956815713,Business,0.18548933419865565
710.1059160196241,0.806166232308742,Medium,17931.043889462206,34165.30263151419,27542.913298135743,Business,0.4854036316836516
710.1593715541171,0.5324409958563654,Medium,5000,73511.08168467665,39140.31353866786,Personal,0.2948133800553077
710.2257663177684,0.13377108184302022,Low,7329.386989354291,97711.31280361197,13070.948022040928,Business,0.13638821387039418
710.3361529568091,0.2017021022093274,Low,32980.092982329144,100553.29791576849,20281.811573691284,Real Estate,0.19474339805408875
710.3425296607835,0.4664513271861908,Medium,56018.59507245328,75961.69893322764,35432.43528272189,Personal,0.3711628577456676
710.6234397006801,0.20755671461158784,Low,22724.283496341563,83885.2662297208,17410.950262959228,Real Estate,0.18124922098806756
710.7885574885571,0.05778116523650698,Low,36627.33241052175,76740.94136476342,4434.181013402489,Personal,0.14885541971843366
710.8502974788348,0.018947948637229903,Low,19886.381839808804,104507.12433899104,1980.1956241998014,Real Estate,0.11834382348203566
710.9855722983068,0.5967244917114405,Medium,14213.358228262212,56556.69351644749,33748.76419148185,Business,0.34961416687691116
711.1034995153025,0.26892311911426225,Low,38996.92108511604,93480.54038413802,25139.07849658915,Personal,0.23279219290905742
711.1103572021701,0.447453585585395,Medium,23583.11928336996,60958.93812245295,27276.295436369797,Real Estate,0.2889610156461301
711.1355611950135,0.37243636324312246,Low,24665.8153122443,89006.19758817983,33149.144535840474,Education,0.2540370054304573
711.2754008415518,0.3017395120828926,Medium,73646.394543921,77284.55297324079,23319.803305690144,Education,0.3176962595622227
711.2815466823,0.26301042692835647,Low,30080.30976882535,96830.13703844923,25467.335682013792,Education,0.21469166114799207
711.4764792110906,0.5733379384774704,Medium,29831.234661504783,63487.24347524452,36399.645293713926,Personal,0.37194318098114265
711.7709015104613,0.29550790302942553,Low,18232.61712386502,56839.518489575785,16796.5269180568,Business,0.20833839654243833
711.9195962804191,0.12059697653737199,Low,33585.85466763514,78491.55625663677,9465.844368263439,Personal,0.165345904553739
712.0239897600412,0.2578435450419337,Low,16045.385699183891,88004.02355917322,22691.269412451074,Business,0.1897784786176432
712.522504626807,0.2484616294573515,Low,7699.74234106061,91257.2423767792,22673.92314071903,Personal,0.1737555628486606
712.5568120911828,0.45879256296829235,Medium,41114.77019073342,54838.27378165192,25159.392177040994,Education,0.3319621031491742
712.5760995669752,0.19391994947332525,Low,25510.411166083482,88087.31312708116,17081.88731084456,Real Estate,0.1798176739736837
712.9622834216202,0.46479635797455277,Medium,41240.3658083061,65610.51228130097,30495.527153193354,Business,0.3354194654191645
713.296212602723,0.1988291017062917,Low,19578.058499590214,101109.57614308658,20103.526198433807,Business,0.17280099549553946
713.3156250454606,0.28693228964711653,Low,26193.967935640547,76396.04169980038,21920.491164900315,Real Estate,0.21763162184753904
713.4170244359041,0.669349248758307,Medium,36019.56318188995,77584.42363950454,51931.07567844861,Business,0.4438867579861467
713.4327402378954,0.17517009672566689,Low,33224.79441331748,78732.18246312716,13791.524017488839,Real Estate,0.1840980387200758
713.4370827796256,0.004837393224481799,Low,32127.516197430727,50716.227744245356,245.33433646128833,Real Estate,0.12723417725674366
713.5240308620606,0.2568676964571258,Low,40625.869960882774,80922.40554129152,20786.351903160907,Business,0.22957153750272288
713.643061798341,0.6722692752737585,Medium,5000,53753.92572547791,36137.11269058647,Business,0.3708208617967623
713.9571387719097,0.2687730736859071,Low,8206.808074252469,89433.4412808647,24037.300903366093,Education,0.1815437016912467
713.9686641478252,0.546880760605273,Medium,42552.980637949055,78981.1939114694,43193.29539981694,Real Estate,0.38527610242675026
714.0108052725225,0.31013625396306393,Low,34981.25235537668,69948.6369721368,21693.60824036078,Business,0.24326423278353845
714.0679755221474,0.02267161679221263,Low,21765.856321479663,110917.55346191043,2514.6802676181906,Business,0.12070378434772933
714.102603285631,0.39840293749444255,Low,5000,64394.84763255119,25655.09645631544,Real Estate,0.2289633923937841
714.1664496405534,0.12488231473789933,Low,18181.784218848337,64389.97704778945,8041.169379648156,Personal,0.14600679122624957
714.1784661600238,0.2757867264551368,Low,31424.750385628562,92153.19246404039,25414.62728204788,Education,0.22155963152588493
714.2753869395102,0.027217284955627842,Low,5000,73094.08935226095,1989.4226584726093,Real Estate,0.10503953278634887
714.315922847835,0.39418242038362816,Medium,39068.73306265983,92048.66669592448,36283.966231285376,Business,0.29226389866245844
714.4853902622597,0.09603811919997667,Low,48829.40392065394,73217.59920974424,7031.680520441534,Business,0.17763298677745415
714.6459311515805,0.16043923012740602,Low,45795.24095894265,97391.49822869153,15625.416996765896,Education,0.19748476555905603
714.6739455956997,0.10442184604073858,Low,35183.96935088917,60631.11557495128,6331.213015845789,Real Estate,0.16133951739791877
714.7768878782889,0.09033877559525814,Low,8617.545509228654,87482.3963410431,7903.052571588925,Education,0.12462440578636508
714.8951636269513,0.4526522433147508,Medium,36460.44672359289,72484.26159800704,32810.16361735113,Personal,0.31748701666096285
714.9414210101268,0.3689782485297192,Medium,35591.18370722697,58555.59208867137,21605.739810498646,Personal,0.2722367151972591
715.2253269912362,0.3570285808862215,Low,5000,59190.51089109376,21132.704105377645,Real Estate,0.21088636685079865
715.7690657720622,0.2514333727676319,Low,26090.20786494012,76993.02730175282,19358.616534070075,Personal,0.2020329714020378
715.9092862853968,0.3586546968692948,Low,18827.602831567296,64930.48691767602,23287.624103034803,Education,0.23532982464630112
715.9878971074091,0.21956083188949918,Low,28334.34783701281,96661.02486350553,21222.97503032284,Business,0.19290204900683516
716.0781252563072,0.3782216075009644,Low,5731.23601450046,70019.27920887244,26482.80433843859,Real Estate,0.2208360523896027
716.5382059533263,0.4150529226153306,Medium,27842.197318316208,87678.38044636023,36391.16805444067,Business,0.27920169614628304
716.5935352144148,0.27413940997093234,Low,43438.22176445575,84787.49122455835,23243.59281721603,Real Estate,0.24143172550140837
716.6246051389901,0.24672493770034448,Medium,72280.85101768127,55660.47713741574,13732.827754100348,Education,0.2839380100075964
717.0412172710063,0.302225560808093,Low,30834.680940282757,71152.78070437755,21504.189051435766,Personal,0.23121627812373788
717.1341209179861,0.10246337580729012,Low,53459.33042159668,75705.27103943458,7757.017637106343,Education,0.1862173072414882
717.2095985749968,0.29684652927331484,Low,45558.0421599507,88725.20380749027,26337.768809320987,Personal,0.25578984866810983
717.250265643864,0.5044842468774127,Medium,28363.521168029376,54469.694011778796,27479.10256117534,Education,0.32719704350316653
717.5289583760883,0.3223703194774957,Low,20169.577682619125,75928.73096312297,24477.169258102775,Business,0.22121395522365114
717.8394339993491,0.25591889277429036,Low,44130.86106998522,89219.19936406983,22832.878715461422,Business,0.23403431357550344
717.8960924961809,0.23471294290313213,Low,12325.878421097555,106549.0655952695,25008.44474944457,Real Estate,0.17410137148930172
718.4103608315869,0.16231261297893487,Low,13000.892399470988,96333.49379178308,15636.141094734314,Business,0.1503328903055828
718.8703676382256,0.39759598364831866,Low,12485.772849480629,82041.10793028594,32619.215007139916,Personal,0.2405352831722554
718.9468251756057,0.2910933643534281,Low,11438.975653959995,86903.14050873827,25296.927543567308,Real Estate,0.19362797782004904
719.1695254641297,0.02276053977080658,Low,20048.198590503245,71964.29809928834,1637.9462689670327,Business,0.1179758642993867
719.2302143949012,0.5609758907352299,Medium,15817.49624267769,56812.250904105225,31870.3030556038,Personal,0.3299049244627209
719.4528343687759,0.06653159210978037,Low,30272.198505283024,84429.36714271992,5617.220216826334,Real Estate,0.14178148848553968
719.5185948025855,0.526037038986293,Medium,22252.742934200578,57487.634932304856,30240.625258114625,Business,0.324729972189143
719.5312799581384,0.07944076638996735,Low,5000,79329.1717916395,6301.970204209221,Real Estate,0.11699918379412651
720.3561298318655,0.2767568406022439,Low,5000,62965.867755412066,17426.23462576655,Education,0.1780925266224129
720.5698277245796,0.21669147796029686,Low,21662.87654832602,77405.91263423797,16773.201611578643,Education,0.18045966094230506
720.6602593373989,0.46702925071347917,Medium,54027.31060090344,85778.20087369317,40060.92888159123,Real Estate,0.36264389976483935
720.7075881059134,0.2448305005313388,Low,5000,45288.79253926056,11088.077745847126,Real Estate,0.16662184420812645
720.8944829012514,0.3337429435636753,Low,33697.85927942698,70308.25733249706,23464.884758979926,Personal,0.24958426309297682
720.938882187743,0.3729808861578246,Low,14875.989718141716,89232.2975617778,33281.941418490576,Education,0.2330742401647301
721.0172006306228,0.18982940368176757,Low,25264.19877900486,60936.47149748226,11567.534046838082,Business,0.17578528434939242
721.2549132333818,0.16868053147842252,Low,5000,81481.6793878959,13744.372984904705,Personal,0.1417170378643011
721.3023585720753,0.7610759516529315,Medium,5855.43375192496,47397.970835702174,36073.455760199926,Personal,0.4227139231397789
721.4737420965874,0.9224227695909757,Medium,16246.010104809928,40501.643349739345,37359.63803165249,Real Estate,0.5486773496230016
721.4866208939587,0.48526911816501755,Medium,26892.668554929507,72152.41029957413,35013.33651955487,Business,0.31192990777626345
721.6666955890154,0.5909037176182464,Medium,32404.822714647264,63890.457616794905,37753.10892609512,Business,0.3840904748390232
721.9470250234806,0.10547114815745266,Low,24191.427264913913,88639.05942589928,9348.863369246274,Personal,0.14573743110082352
722.2578985592161,0.20127079122278155,Low,29039.42128871101,103186.9488037116,20768.518829587683,Education,0.18527618553951325
722.4087106333334,0.14316040694971185,Low,35970.70378862489,69900.45565158289,10006.977677050892,Education,0.1740443617782655
722.4215441102642,0,Low,43888.49859680198,95750.79888515799,0,Real Estate,0.13752783268422134
722.4551055371572,0.2969076703168963,Low,37521.26989487323,87566.9101852856,25999.287299962045,Education,0.23913296184637328
722.5448981083986,0.4237001467211208,Medium,29761.798918752625,65416.5152430942,27716.987106483448,Personal,0.28532258086417167
722.6987988276112,0.3894127997976795,Low,5000,95287.4013003626,37106.13372581925,Real Estate,0.22238545083875164
722.7262613533308,0.2237465006784233,Low,30462.10444081992,76184.36868028977,17045.985898609706,Business,0.19601144420940425
722.9225558328333,0.11639321584660883,Low,28365.094851671238,37584.16157948288,4374.541431134574,Business,0.1543201266205422
722.9793943489901,0.6299206326661622,Medium,17271.724092876357,46554.925808046515,29325.9083187309,Education,0.37090713410807163
723.4577296248448,0.12057879857988794,Low,35072.9675759358,63896.009466136034,7704.504055475831,Education,0.1645833520253134
723.4578032194637,0.1951078285212929,Low,27629.301684008857,72753.4390061834,14194.765501952774,Business,0.1805497015748372
723.7194590356364,0.46104691219416144,Medium,28065.835474044652,68815.7524829757,31727.290192593646,Real Estate,0.3007190082239088
723.7258537066261,0.0755763404835427,Low,22745.193095921917,78554.02001866508,5936.825363281661,Education,0.13461327045239585
723.8023396264897,0.5542156718526257,Medium,25901.289919227453,83800.28900106665,46443.43347017035,Business,0.34688811368551153
724.1166531161705,0.13622366645108236,Low,50008.361673267056,94080.03526986405,12815.927344308026,Education,0.19197774704822962
724.2615741494495,0.2808115645593076,Medium,59618.74375924166,78006.03522923755,21904.996797790664,Real Estate,0.2729131519787496
724.344369504865,0.3660192773628378,Low,11783.974950080616,100338.22298373246,36725.723868377034,Education,0.22350319359483534
724.3645418633371,0.3667549030008673,Low,5000,70580.60800933554,25885.784044206095,Real Estate,0.2122521476834393
724.3827712936918,0.3487644607559743,Low,24995.29491082338,70956.14695132212,24746.982328799528,Personal,0.23931140116298028
724.5099205562393,0.21615116200350365,Low,37924.54186746916,94008.476763721,20320.041490657666,Real Estate,0.20441530200413713
724.5123750418254,0.44521053620593043,Low,5000,74517.49825779993,33175.975356079594,Education,0.2468423100537864
724.5191581759893,0.22736645613506468,Low,45993.9196771869,94502.39466835503,21486.674572021115,Real Estate,0.22266415532250775
724.6298669149654,0.7390443214960187,Medium,53671.286307095856,61967.99304788366,45797.093376543184,Personal,0.5263667881551297
724.76777153813,0.16445371106478068,Low,12804.784416098053,126201.69076537588,20754.336389015927,Business,0.1493358211751488
724.8533098443567,0.5892312523944819,Medium,5000,39425.59502191443,23230.79273116029,Personal,0.3194990823882105
725.1138586893323,0.5161213026839805,Medium,18533.116456373515,88924.12729626837,45895.63642018614,Education,0.30917517201847217
725.5681361087361,0.29984885714796183,Low,30335.03422844844,66076.33133570441,19812.912435541024,Business,0.2266294714362186
725.7695137780081,0.04183277086035456,Low,34824.63376332534,100115.12251147041,4188.092979678666,Education,0.1384836858853199
725.9227221971207,0.21799485619534617,Low,12813.9647659387,67308.8891154035,14672.991603380886,Real Estate,0.1668785246513364
726.082505596223,0.05344239574205746,Low,5000,83099.63421921911,4441.043537963727,Real Estate,0.10931900445637592
726.0900750988626,0.27250325844216805,Low,16273.26949911919,59734.81686914966,16277.93223928947,Real Estate,0.19195689154223977
726.2135069768915,0.2596678190589245,Low,5511.754548312638,66580.31038359474,17288.763989574312,Personal,0.17118300974573553
726.3107701120796,0.37787349209539156,Medium,35390.841326752896,62097.60490789751,23465.03881730716,Business,0.2722706210374747
726.6095782130193,0,Low,23605.836900796177,81854.50692755409,0,Business,0.11443753912303342
726.8785068813279,0.17061669185363115,Low,17933.130222731823,85851.2008717193,14647.64788439432,Business,0.15751253452083502
727.0655290383742,0.3169497131016454,Low,30550.916729034332,76466.35934376808,24235.990655934613,Business,0.23412328658077636
727.5724638529043,0.28551329508182727,Low,42728.36639439942,66596.26365808285,19014.11867715738,Business,0.24179115609214058
727.7650279118876,0.610514091960052,Medium,36412.69981467217,31023.88086759836,18940.516456958645,Business,0.4027838607730122
728.2698742295586,0.23752024963300733,Low,5960.042551799514,82227.91211016828,19530.79421120816,Personal,0.16358651699481963
728.409233026643,0.1280003201488195,Low,15590.298310730457,113188.33280940261,14488.142836714665,Business,0.14069563125624954
728.7908359672355,0.43494112209179736,Medium,35184.20481643349,57791.73269432095,25136.001065697164,Personal,0.30008216652268827
728.9429025390898,0.6897452881157266,Medium,5000,65139.98130682334,44929.99517432791,Education,0.3747232477727402
729.2724842807609,0.5371985797267652,Medium,27583.815796165563,73684.99477854025,39583.474542205935,Personal,0.33891864097787916
729.366725829455,0.48224829699553134,Medium,10813.809089548284,57209.711407489536,27589.285897867652,Business,0.27421150508501596
729.8285255289724,0.46727429450455116,Medium,30687.296780891862,49393.91202658211,23080.505395041022,Business,0.3072784046373361
729.8429386732904,0.35001478906476524,Low,15425.759102072587,90417.30387773934,31647.393544571714,Business,0.2212040381279037
730.3756844918461,0.47527148515957096,Medium,24414.707209336837,88591.95497869351,42105.23001591351,Personal,0.29805594951392056
730.5731517704178,0.19424999627034018,Low,32453.103857613954,75368.67866130786,14640.36554885952,Personal,0.18556480158791
730.8830733421751,0.16614128232654904,Low,16748.27075595192,81646.28023959184,13564.81769619857,Business,0.1535587266450486
731.0691647714699,0.3355960166634304,Low,8326.296257296734,82422.91746742617,27660.802783846902,Business,0.2029643514437526
731.1854773053491,0.6640291354413272,Medium,12446.1894430558,46830.774072728804,31096.99841956223,Personal,0.37618035977458425
731.5290292812028,0.3114904194891119,Low,12615.194757967867,52869.48182516659,16468.33707189312,Business,0.20003820695075294
731.7624667361877,0.1964299211838221,Low,27085.905979801264,63461.92688675194,12465.821296538164,Business,0.17807978226596344
731.9555893710134,0.40689816733742007,Low,12041.75559115351,67157.83693735684,27326.400772155794,Personal,0.239754967413208
732.2544237042376,0.20187538194651672,Low,29614.190022837945,87120.1990269128,17587.423453814576,Real Estate,0.18371418736804232
732.3658853310724,0.2184138868062483,Low,15889.68350181683,116214.95849763975,25382.96079049633,Business,0.16973890306785236
732.597380886146,0.22798823544245203,Low,30078.293144288713,58420.09978155856,13319.095463569513,Real Estate,0.19433800018800712
732.996819202331,0.10217998815967046,Low,17209.0544226081,81218.15131196009,8298.869739406406,Real Estate,0.13400717454138042
733.010495374944,0.1658609775144835,Low,25884.76332384396,91450.89824206378,15168.13537700626,Real Estate,0.16519827037049184
733.5771576117443,0.38096475675952635,Low,29002.27594443103,41902.86656268461,15963.515367580032,Real Estate,0.25881950076259147
733.6489023883006,0.45995381917270917,Medium,23629.006637363284,69498.96605696713,31966.31486645651,Personal,0.287306898206885
734.0883363836415,0.12262463834467151,Low,16423.80937065908,81522.66044484236,9996.686753944252,Personal,0.13887680701225213
734.5490212592983,0.259343857555679,Low,46789.25118229269,95980.18451673779,24891.871301476636,Real Estate,0.23505025024107276
734.8234616905441,0.3088630618101275,Low,26068.806248663386,78637.3251011699,24288.16500330573,Personal,0.2203029901817624
734.8576355876847,0.06467799747030571,Low,49427.028321584825,79640.99874715273,5151.020315500964,Personal,0.16235048117850656
735.6344187494963,0.12367562199131552,Low,5000,83034.23444197883,10269.310591184445,Personal,0.1257589310990577
735.7160847334436,0.19564080497784955,Low,44774.53487279004,63674.04540794456,12457.24149980642,Business,0.20400065776996734
735.869940795123,0.2940083889052665,Low,5000,118063.64915023113,34711.70327493609,Real Estate,0.18040987222447463
736.0515333662236,0.4758270095345478,Low,5000,60603.115832105825,28836.599374866724,Real Estate,0.25743427378852224
736.2176679935251,0.18496145476328751,Low,31662.974909360077,96168.48973699176,17787.46376414228,Education,0.179435859669578
736.2717392207385,0.31556739587809923,Low,41059.15839968779,58954.45461556762,18604.103718448263,Personal,0.24977868281848317
736.7810073591472,0.3537293343383277,Medium,41752.50663294931,86395.34560464408,30560.56809066052,Personal,0.26926529054112275
737.0074519260634,0.0605262541622967,Low,14580.994462552831,58586.353632965795,3546.0125304310823,Education,0.11883846746780888
738.4794996213886,0.2790478759845739,Low,23841.684321654317,110106.81684886408,30725.07337309802,Real Estate,0.20307866054043897
738.9862604180355,0.3578569833000185,Low,14140.145023860863,63955.539114380575,22886.93629279857,Education,0.21959132968191158
739.6253756238988,0.11715321767267889,Low,54118.26154695624,50044.33636070301,5862.855030950199,Real Estate,0.18676703329995856
739.7054701523687,0.2537575095804217,Low,5000,106720.33632290704,27081.086766885906,Business,0.16507130134690523
740.0039478213431,0.30565229566037294,Low,30042.174445393433,66114.13479847777,20207.93707675408,Real Estate,0.22420337578621324
740.1942218584409,0.2277438694698878,Low,33295.60128778538,69019.85299068264,15718.848390340874,Personal,0.19719647978010163
740.2997258273408,0.032342946908884,Low,32729.414824367013,70175.2788428734,2269.6753179311854,Real Estate,0.13030556138598737
740.5971992693201,0.19076598540690648,Low,16092.828878969423,74619.67584194623,14234.895992732807,Education,0.15854514539841819
740.897957615278,0.29016341290208975,Low,19517.41094522101,103410.0849597971,30005.823180429783,Personal,0.19990561971557394
741.1541533547662,0.3491010829484059,Low,15876.60238832861,73205.28611425546,25556.044660034484,Real Estate,0.21816358440064731
741.1784441209313,0.1712161622042797,Low,6656.574706666543,120413.85715608792,20616.798498479715,Business,0.1402330349327982
741.4490251244531,0.1379452501512878,Low,39941.77322366693,115204.090775327,15891.857120454151,Education,0.17305072484079898
741.5437256577368,0.22511450687695164,Low,37870.21292953218,78916.90510195363,17765.34017628148,Education,0.20308584713593153
741.7891095911077,1.2693779962231846,High,11430.78437509351,20000,25387.55992446369,Education,0.7268528182764603
741.790581000347,0.1873028134129004,Low,26965.977793237733,59539.80432289067,11151.972859730991,Education,0.17205601762545555
741.8065360903109,0.23421177180687924,Low,50537.71987194408,105760.73132931939,24770.408272231216,Real Estate,0.2282597614898923
741.871906734207,0.12139799893793199,Low,41025.690005410244,76431.32474438785,9278.609880143931,Business,0.1686207693293523
741.9473176469719,0.2569300173317526,Low,31738.280819275515,82513.96036691344,21200.313267182613,Business,0.20593398492102444
742.2339790368393,0.5120055018401031,Medium,24084.940422169246,57720.18460640368,29553.05208570511,Real Estate,0.312391696827376
742.3445857767359,0.08533526685493839,Low,7357.39995167829,106591.44291461425,9096.009225571539,Real Estate,0.11679803120004147
742.8574608431286,0.18119827362737212,Low,13948.44796078567,118265.0944661092,21429.43094763707,Personal,0.15207159593487277
743.1853338827334,0.4736814608072719,Medium,32593.614839588892,65953.87361501847,31241.127199860137,Real Estate,0.30973387941033176
743.6176750053384,0.07428908401428737,Low,49609.21845232431,83509.15123569929,6203.818352110695,Education,0.16376850721019343
743.7437520639361,0.16656802669834977,Low,18771.793481420926,104920.88622978366,17476.464978737124,Real Estate,0.15337772453418472
744.0821897501885,0.5826727561732533,Medium,44929.61242372347,51173.93005594703,29817.654869915943,Personal,0.3996057222096248
744.7935890931507,0.19369606487859206,Low,24108.772280912588,78881.79985796615,15279.094223028726,Real Estate,0.16952270165908898
746.0652016136506,0.19324223948872715,Low,10181.899886488762,96779.01193934731,18701.793002665738,Real Estate,0.15037523623942728
746.4466659767704,0.30568330314570386,Low,21659.189488350894,71301.95727114021,21795.81781939598,Education,0.2080930322912257
747.0230525895174,0.14215042028244762,Low,5000,87456.99864694997,12432.049114305391,Education,0.12865541111611314
747.0737957765441,0.342648176436215,Low,41046.57182475775,81951.63410723342,28080.57798281145,Real Estate,0.258979503765687
748.0329297919326,0.25875976571868214,Low,18828.600893259965,76350.56409375848,19756.45407739017,Education,0.1846925563978033
748.6424237338265,0.05073859369171402,Low,20038.16163508664,84649.4483048637,4294.993963768229,Business,0.11984428259319402
749.0727039345243,0.4268513940115957,Low,15788.161524875257,74346.10503811814,31734.738574853247,Business,0.25032439929720895
749.4168889104224,0.35745648244687184,Low,22568.140367802123,67814.1581842588,24240.610444640897,Personal,0.2309103891285401
750.0799296473215,0.21069746601329917,Low,10817.396800859033,81145.99041753219,17097.254558113487,Personal,0.1559399253953966
750.1684985062595,0.2812419967503885,Low,12485.15431762627,55207.903594828385,15526.781043412488,Education,0.1830422727907401
750.5229572601752,0.13069147414706558,Low,25704.023530905546,101908.40092309956,13318.55914461006,Education,0.14922615631308422
750.9801502256819,0.26791576152604935,Low,12297.235508119531,76285.60038190926,20438.114719791098,Personal,0.17762859042688955
751.1184930849254,0,Low,20679.416891168854,62546.00960358812,0,Personal,0.10729165480800892
751.137406804997,0.1863368728838731,Low,28378.96175871324,82232.72050095268,15322.987986881086,Education,0.1713762442896463
751.5683390915592,0.5724432737689507,Medium,20273.69903208837,68809.07121372019,39389.28999058285,Education,0.3334878593044296
752.1816001734408,0.3781180731246594,Low,16970.249311485117,57774.31597343473,21845.51303197037,Business,0.22927992230117597
752.4249614946464,0.30018186171601235,Low,9639.571136704308,59653.048742239014,17906.763228481337,Education,0.18528270379835154
752.6233767235373,0.21153378004225526,Low,27153.819047577403,85265.34866226712,18036.501509150217,Personal,0.17831781335474417
752.6630331660517,0.2978802526113995,Low,5000,81225.00309087073,24195.32443907028,Real Estate,0.17747804699098418
752.7911161073383,0.39614212316725667,Medium,38419.70781360808,79477.68048558263,31484.457091967546,Personal,0.2781006703759297
753.2088619376219,0.04828216307463706,Low,12520.676237583233,79712.29116217131,3848.681840944906,Education,0.11073257562610898
753.6335337875491,0.07651446574808927,Low,30824.680081351744,64958.91551294777,4970.296716048468,Education,0.13818960864601817
753.8467213059137,0.2761936696782334,Low,39683.34337835169,52545.559568754026,14512.750922590385,Business,0.2239142004893004
754.0831701231299,0.29103202363424574,Low,5000,89865.2818804543,26153.674840130534,Personal,0.17463106280294866
754.2058014267982,0.1521685321306561,Low,13410.108320937641,85300.7053441732,12980.083121932446,Business,0.13986291651957292
754.3623077667963,0.04045095582196596,Low,55794.58036752495,59142.543354753114,2392.3724084418245,Real Estate,0.1581371515713855
754.4931719301042,0.2223806076064695,Low,32050.662810523034,90636.45743554621,20155.790475814676,Real Estate,0.18923319356190757
755.5577465123674,0.3035146490779105,Low,29472.376989857883,93357.23894109552,28335.28961608925,Business,0.21757970627647427
755.8197027626786,0.35373151879159875,Low,5000,79167.65615895105,28004.095252276824,Real Estate,0.19790012020728417
755.9641961820885,0.23846665660048177,Low,33261.963584104946,97531.30059095514,23257.963165821664,Real Estate,0.1969814604675934
756.050311357969,0.12960095075308029,Low,33557.60812531774,103875.29208146519,13462.336613511801,Real Estate,0.15780812477986958
756.6183862339058,0.2572503739240583,Low,5262.762753587394,73065.73776259215,18796.188360464017,Real Estate,0.16253918620404526
756.6716850648163,0.3293874173939046,Low,44958.623560585605,89280.00988184183,29407.71187988216,Business,0.2568800562646305
756.686385495825,0.2749465008838665,Low,54298.887062898524,66975.59056228328,18414.7042697303,Personal,0.2488091159556581
756.8965959206276,0.4868345762407184,Medium,18953.86016402454,52507.15816324262,25562.300094006598,Real Estate,0.28311244854136103
757.4510075747594,0.11266132524176169,Low,9682.563136595496,68558.76967588649,7723.921848630076,Education,0.12366205631943192
757.7080210357387,0.2723960404789944,Low,19441.258563988256,108309.48888925153,29503.075919735755,Real Estate,0.18820300403391835
758.1444384254099,0.5377436319669118,Medium,40541.31476569384,54917.184664958644,29531.36633913245,Education,0.357064097759219
758.1706679416054,0.09414109156366142,Low,25591.705723611092,108929.12736580076,10254.706953293586,Business,0.1362633567448765
758.6509862607428,0.5582825607094692,Medium,29936.601680651944,47966.30788767333,26778.753195309077,Business,0.34440533648651217
758.9059028781093,0.29168898663084775,Low,7309.46317551074,106310.48058468681,31009.59634998571,Real Estate,0.17698220778673998
759.0270343284187,0.3206375164137641,Low,7684.559976505236,94267.52258488644,30225.704320096404,Education,0.1883113559801523
760.8606287484312,0.2648783291265379,Low,22407.973939053034,50994.071858884476,13507.224549339928,Personal,0.189015539004361
761.2979457681032,0.38314516783668123,Low,30696.51454061344,55032.91918522418,21085.597057765233,Business,0.25376367896326235
762.1336476627981,0.11556118424735663,Low,30421.259759096545,83081.01713629077,9600.940728744692,Education,0.14781701226166047
763.073508286401,0,Low,19461.891993288307,81928.96418993952,0,Education,0.10414621492861817
763.6726045149269,0.4539556254694602,Medium,31539.630842500686,65998.69057041513,29960.476858058166,Business,0.2895908174277887
763.7246216673768,0.21279842695248855,Low,28869.639718317714,116847.7455137092,24865.01643826202,Education,0.1784247093237434
764.2507139354254,0.29778232630818946,Low,12577.055905521482,55432.54444769936,16506.832038818025,Real Estate,0.18566144683437724
764.9978687288191,0.3041066746384272,Low,31323.19125304842,54757.91249479665,16652.246678934593,Personal,0.21814699250548658
765.2052758127745,0.2346492614862536,Low,42575.768720742395,104067.68954235403,24419.40649569409,Real Estate,0.20784221085819082
765.9688953103648,0.2911415988173847,Low,5000,55889.191187991484,16271.668479082331,Education,0.1716674088886465
766.2348324880554,0.4617541164281141,Medium,35658.23653446678,77934.27372866646,35986.471705047166,Education,0.30127969793623577
766.9425675926666,0.34753088320142234,Low,12152.526438862016,103939.55768707466,36122.206282554245,Personal,0.20374089331288012
766.9449831898789,0.3371910005606354,Low,46277.970177220544,70837.5549928545,23885.78604530964,Real Estate,0.25967179141531216
767.3681598957779,0.34664403088786444,Low,15829.221289170577,97345.91663176255,33744.380931708176,Real Estate,0.20927901355500364
767.479195210271,0.32206568831059973,Low,27182.817966523613,82681.30897878614,26628.812686674126,Business,0.21799608382118688
767.7737849157745,0,Low,16211.08490023367,56535.335077781914,0,Real Estate,0.10040035651759378
767.9310242097566,0.12155776041065243,Low,9006.476021511624,97875.08086413858,11897.47562985619,Education,0.12333580774372108
769.7605677956161,0.29056465013908334,Low,31742.108692484602,96975.5370397438,28177.66299200287,Personal,0.21172340800578687
770.0255590755427,0.39207357482150934,Low,27856.358348875867,51980.128451553945,20380.034781682003,Personal,0.249717202141966
770.2174054893371,0.2586823898386646,Low,27777.63305244871,82155.74720696567,21252.24502647907,Business,0.19236356039261382
770.4653174866555,0.2964399251933364,Low,17546.019623230328,68284.30601419744,20242.19456672758,Education,0.19106812439181914
771.62785217396,0.18104617766249786,Low,6032.5238956755165,95636.8907893727,17314.693520941677,Real Estate,0.13601907866120436
772.4304416648206,0.18085361308504563,Low,23622.328534975673,80580.43051540678,14573.262002659783,Education,0.1577912130743447
773.5482587685891,0.11407758611254372,Low,30200.649664073797,98355.64123319615,11220.17413243439,Real Estate,0.14456452728442118
775.2068294786503,0.08077291888192391,Low,43564.80636267997,106010.00985628154,8562.737926793383,Business,0.15053237003971318
777.7078716875143,0.3096634509652575,Low,39933.722710030444,81156.03537784118,25131.057981760827,Real Estate,0.23166565358995034
778.1293595265397,0.13575590832615905,Low,15669.477916684278,78417.30876255884,10645.612979554047,Personal,0.13272406597438344
778.8220292257743,0.1666654907592581,Low,5000,85099.74557960914,14183.190860513561,Education,0.12923630468859493
779.353055584972,0.29293269715619297,Low,36897.63532328016,95583.11274651287,27999.4190194205,Personal,0.2185697300813922
779.3637999615404,0.3542895954596536,Low,26300.46549121595,61947.52041395218,21947.36194718775,Personal,0.22677368572442436
779.625767658406,0.8693423184254575,Medium,19580.341570490644,42871.07359484855,37269.63851233405,Education,0.4983372645162618
779.7833744891982,0.34009693059652896,Low,41512.32097633908,74581.96812071704,25365.098435704036,Education,0.24773616613648405
780.6135222850382,0.43253755526855514,Low,11255.186213898703,60913.126189144816,26347.2146856177,Personal,0.23439520102715963
781.180310961482,0.1450945924772025,Low,39629.68687716968,69706.86333524088,10114.088928490824,Business,0.16527105938585893
781.2154811643426,0.17641262370747396,Low,59224.77754808264,79281.87488260408,13986.323560487865,Education,0.20663388868926216
782.8271782414771,0.18843580541607907,Low,5000,80194.45003442964,15111.50578213726,Real Estate,0.1346599064758287
784.4221386434963,0.512860462426694,Medium,24462.616319403056,62920.29626568359,32269.332238843075,Real Estate,0.29786255021738384
784.4769360847387,0.18781473556857523,Low,13713.471439704475,91543.66498072048,17193.24923133226,Education,0.1445874304599064
784.9860894583258,0.1783740645862389,Low,13970.448089770716,65292.72904341793,11646.529467402426,Education,0.14189611958097154
790.9390116724067,0.20771399197363588,Low,10479.31362234632,94686.44796953167,19667.70009355539,Education,0.145331465744098
798.193624730968,0.4800212052773936,Medium,23786.82253201808,28961.576705288302,13902.170956806178,Real Estate,0.27474981735849696
800.5838337789211,0.32194811391510825,Low,13380.775449721272,75537.71677989062,24319.22544673941,Real Estate,0.18631766245237752
800.6307710806458,0.34194055108775306,Low,17746.577742301943,90820.63894086094,31055.259329579836,Education,0.2009189677949053
801.3358243172761,0.5467133124461079,Medium,45647.446750293064,25567.109997454216,13977.879396382195,Personal,0.3564365696426342
811.0396545514988,0.26929586588354865,Low,5949.08366931952,91588.11162366979,24664.299824335263,Education,0.15465919023640268
814.6516831990248,0.2998401374172955,Low,5000,64679.10543565252,19393.391861853794,Business,0.162734624284613
817.983001945554,0.7065571021833198,Medium,31703.08751204047,50583.12700057955,35739.86763290033,Real Estate,0.4109412207458376
827.4547212654363,0.42696704129041174,Low,29844.617554265024,63152.121515222614,26963.874474567154,Business,0.2507999486249398
829.2629501301706,0.30070825504594845,Low,5000,85867.2038475987,25820.97703468616,Personal,0.15954269758268266
835.4959278002681,0.1424151499253887,Low,40920.564473097,77346.54766617564,11015.320182089627,Real Estate,0.15327256193982308
850,0.1852803448934724,Low,40024.4773781284,87974.19775179285,16299.889701178723,Business,0.1629344562963687
