Income,Debt,CreditScore,LoanAmount,LoanPurpose,DTI,RiskScore,DefaultProbability,RiskCategory
84934.28306022465,33993.55436586002,646.2410862512809,5000.0,Education,0.40023360580739925,0.2820317136385417,0.25164813899355665,Low
72234.71397657631,29246.336829127686,672.7740664642241,12094.224838307471,Real Estate,0.40487925014296383,0.28917840423131186,0.2584370367054507,Low
87953.77076201385,20596.30369920174,640.3790039500019,18795.916998675337,Personal,0.2341719237362934,0.2286616768243202,0.2047785275428354,Low
105460.5971281605,13530.632222944261,664.601923518048,53315.31486010285,Education,0.1283003566393733,0.23621542326881656,0.2109975533873761,Low
70316.93250553327,26982.2331361359,585.3192666523107,33348.29686800637,Education,0.3837231257778865,0.3519748860417875,0.32297668571580074,Medium
70317.26086101639,23934.853854217497,690.6646853686469,5000.0,Business,0.34038376297855605,0.2364278748885791,0.21117444984094436,Low
106584.25631014783,28951.932200277322,680.0602737681112,32290.544341264555,Education,0.271634228192488,0.26037692968414566,0.23181065463510653,Low
90348.69458305818,26351.718016819694,639.1455684465905,5000.0,Personal,0.2916668374504778,0.2302526298617364,0.20607695797968228,Low
65610.51228130097,30495.527153193354,712.9622834216202,41240.3658083061,Business,0.46479635797455277,0.363245163513905,0.3354194654191645,Medium
85851.2008717193,14647.64788439432,726.8785068813279,17933.130222731823,Business,0.17061669185363115,0.16462925100239878,0.15751253452083502,Low
65731.64614375075,33173.94065634326,599.6220067815512,23595.45716891244,Personal,0.5046875075027643,0.3879033715780713,0.3634356773283879,Medium
65685.40492859486,21975.996046923996,641.8637610716893,44886.94971313285,Real Estate,0.33456436891595037,0.33051593291776227,0.2999742808749854,Medium
79839.24543132068,40752.608726252656,641.5428825106351,5692.546471236252,Education,0.5104332901205694,0.3401748382931213,0.31021254795226577,Medium
36734.395106844044,13108.121819104323,633.0048449445568,5000.0,Business,0.35683510728783246,0.2650040789576021,0.23595607697156926,Low
40501.643349739345,37359.63803165249,721.4737420965874,16246.010104809928,Real Estate,0.9224227695909757,0.5390656136769003,0.5486773496230016,Medium
63754.249415180544,21979.107834626477,670.3086930613598,40575.68276528975,Personal,0.34474733898118837,0.3169454962936349,0.2859221296868003,Medium
54743.377593311525,13485.819963855516,666.7742579344695,5000.0,Education,0.24634614371151253,0.19784098082006119,0.18082098987355938,Low
81284.94665190548,15161.141659456785,579.8068817796623,5000.0,Education,0.18651844263837475,0.1986214983381301,0.18139977994202183,Low
56839.518489575785,16796.5269180568,711.7709015104613,18232.61712386502,Business,0.29550790302942553,0.23300592640580942,0.20833839654243833,Low
46753.92597329417,24241.659464019165,618.0370802573264,33276.11199866381,Education,0.5184946281915661,0.40766880388464255,0.3865930528348005,Medium
104312.97537843109,25228.354880354997,682.9966315133164,43003.92624608244,Education,0.24185250961187224,0.2658764726463423,0.23674336166930354,Low
70484.47399026928,14262.99996061421,693.8688468979096,18052.579568719015,Education,0.20235662058829135,0.192388582291145,0.17681789445507742,Low
76350.56409375848,19756.45407739017,748.0329297919326,18828.600893259965,Education,0.25875976571868214,0.20302546236635538,0.1846925563978033,Low
46505.03627573086,41422.70358611864,614.5589800440443,42308.51101383621,Personal,0.8907143592044784,0.6130710322026018,0.6376907134846173,High
64112.34550949634,37275.43170100711,529.0243922089587,5000.0,Real Estate,0.5814080175164682,0.4139895173903663,0.3941138158857559,Medium
77218.45179419732,24363.23669674032,689.1924772376848,19172.18837225486,Personal,0.31551055648814663,0.25285525125763547,0.22518120705262384,Low
51980.128451553945,20380.034781682003,770.0255590755427,27856.358348875867,Personal,0.39207357482150934,0.2799757773759619,0.249717202141966,Low
82513.96036691344,21200.313267182613,741.9473176469719,31738.280819275515,Business,0.2569300173317526,0.23007781113490783,0.20593398492102444,Low
62987.2262016239,26135.179727304167,690.4829707637313,17352.89960213676,Education,0.41492825297060576,0.2984700536553183,0.26744005386985237,Low
69166.12500413446,9772.074348015944,655.4181907183977,25516.61517558762,Personal,0.14128410905528985,0.19035121756644452,0.17534004653805388,Low
62965.867755412066,17426.23462576655,720.3561298318655,5000.0,Education,0.2767568406022439,0.1941350803604636,0.1780925266224129,Low
112045.56369017877,3314.159261224104,631.3226900147765,15126.273814992275,Personal,0.02957867453269462,0.12222211194994013,0.13137114661341706,Low
74730.05550524133,23992.23122605279,703.8178884678109,31802.63068831701,Personal,0.3210519658234437,0.2757249307114814,0.24575626003376957,Low
53845.78142088199,26471.95939702741,705.2735079583314,10265.589486179806,Business,0.4916255034003702,0.3174238690401925,0.28641072804822476,Medium
91450.89824206378,15168.13537700626,733.010495374944,25884.76332384396,Real Estate,0.1658609775144835,0.17599042880200827,0.16519827037049184,Low
50583.12700057955,35739.86763290033,817.983001945554,31703.08751204047,Real Estate,0.7065571021833198,0.4279848430761336,0.4109412207458376,Medium
79177.2719000951,7742.343369976588,699.6207983589384,19861.761987133526,Personal,0.09778492216485787,0.14169099740060012,0.14288340481514508,Low
35806.59752240449,5356.251197901798,654.551818714625,27556.956564948563,Business,0.14958838785367268,0.19888981809863052,0.18159908433966132,Low
48436.27902203139,22244.51818559972,678.7212843904002,10559.011520730815,Education,0.45925324229554737,0.31119595558085883,0.28008899220797234,Medium
78937.22471738247,30470.983026121547,591.5462047555441,21900.8308045593,Education,0.3860153829225218,0.3280283396272463,0.29736895130700497,Medium
89769.33159990821,36839.27691457869,645.2643434455471,34153.242543838336,Personal,0.4103770882328409,0.34575467269390403,0.3162138199021505,Medium
78427.36562379941,15411.1573713106,659.5358780943448,27354.594414526513,Real Estate,0.19650229545175443,0.2201829678157497,0.19796132272033115,Low
72687.03435223519,30786.808334312955,653.7955801032704,16202.030956540966,Business,0.4235529569843598,0.3134291591923429,0.2823460173259968,Medium
68977.92608821423,19614.915304992926,687.6177436016861,28363.246064361894,Real Estate,0.28436510659812936,0.2562204300389581,0.2281304666921833,Low
45429.56019265145,18273.727000591804,638.87900338089,35719.14685954927,Education,0.40224309729390045,0.34707313529044054,0.3176409511285563,Medium
60603.115832105825,28836.599374866724,736.0515333662236,5000.0,Real Estate,0.4758270095345478,0.28813061063801854,0.25743427378852224,Low
65787.22458080425,26523.228784134197,680.0103532459099,42386.110974338466,Education,0.40316686033101456,0.34635199802739247,0.31685995038608655,Medium
96142.44452437831,4236.078430157506,679.5349839430693,19956.17891978392,Business,0.0440604402261,0.12210670126682868,0.13130531145680893,Low
81872.36579136923,34765.40349725896,663.6052641743541,31382.348998603455,Business,0.4246292770609523,0.34086571387791104,0.3109522024182774,Medium
39739.19689274532,33800.91354147452,687.759534192949,42958.70385467842,Personal,0.8505686119601757,0.5684630545625216,0.5847528205261451,Medium
81481.6793878959,13744.372984904705,721.2549132333818,5000.0,Personal,0.16868053147842252,0.1397797081274295,0.1417170378643011,Low
67298.35439167367,23958.03533437409,636.643489214455,14358.384963586801,Real Estate,0.35599734274242884,0.282017739222698,0.2516349808173893,Low
61461.55999388083,24940.30186282739,647.0941755462371,20671.76956186443,Business,0.40578699703213633,0.3158508580352427,0.2848059751510475,Medium
87233.52577681736,22606.73765823907,664.8136985611668,13243.697183133576,Business,0.2591519425235349,0.2214232367240934,0.19894777105052586,Low
95619.99044991902,14496.948461545799,612.7064538263393,51024.04863755213,Personal,0.1516100178773661,0.261603769569197,0.23290479554728746,Low
93625.60238232397,13283.766320619485,639.0371070139252,12148.41859259811,Education,0.14188177146647007,0.1696952145605753,0.16090309281723775,Low
58215.64953554723,19744.459290085546,656.188956322767,16666.798307697,Real Estate,0.33916068011968714,0.27131783444367275,0.24169467942882783,Low
68815.7524829757,31727.290192593646,723.7194590356364,28065.835474044652,Real Estate,0.46104691219416144,0.3312247297384748,0.3007190082239088,Medium
81625.26862807128,25436.001545944324,693.1280664500963,6967.7571088586665,Personal,0.3116192077951309,0.22511168289760172,0.2019031892384943,Low
94510.90254244718,16293.85667913894,689.6794955683772,19064.78932365604,Business,0.17240187365495707,0.18091422292124573,0.1686214611535949,Low
65416.5152430942,27716.987106483448,722.5448981083986,29761.798918752625,Personal,0.4237001467211208,0.3163578248068662,0.28532258086417167,Medium
71286.82046672366,0.0,673.1314105800302,20007.09393426233,Personal,0.0,0.10243839589910225,0.12048895636569057,Low
52873.300519879434,31487.657003721033,699.5232424964445,23599.197116500774,Personal,0.5955303847899986,0.39807303045278514,0.3752791296466406,Medium
51075.867518386585,2602.8622122190027,674.8389123533752,17060.018313274435,Personal,0.050960704902016776,0.12142194942342482,0.13091527574112344,Low
91250.51644788396,16375.590585968679,693.2681174699815,5000.0,Education,0.17945751129333382,0.1550458906572617,0.1512577070925541,Low
102124.80057141646,8803.301053738562,650.8620671194209,29823.898170088578,Education,0.08620140264149023,0.1730324739717149,0.16316873167112955,Low
73559.79756839332,7053.185242790942,558.0591420861786,51323.99607470862,Business,0.09588369565907434,0.2536277898308914,0.2258558643025101,Low
95070.65795784048,31608.267873785197,673.2860418906848,25276.02446175157,Personal,0.33247132767085746,0.2791573450328078,0.2489512862928722,Low
82232.72050095268,15322.987986881086,751.137406804997,28378.96175871324,Education,0.1863368728838731,0.18481903991054055,0.1713762442896463,Low
62097.60490789751,23465.03881730716,726.3107701120796,35390.841326752896,Business,0.37787349209539156,0.30337345101458524,0.2722706210374747,Medium
82227.91211016828,19530.79421120816,728.2698742295586,5960.042551799514,Personal,0.23752024963300733,0.17364378372143496,0.16358651699481963,Low
105760.73132931939,24770.408272231216,741.8065360903109,50537.71987194408,Real Estate,0.23421177180687924,0.25636725408604155,0.2282597614898923,Low
74283.47921780097,20768.218910602554,684.4328795480719,28034.93194634203,Education,0.27958058951048365,0.25429561292507696,0.2264402263045859,Low
106292.87311628013,7170.077758114303,689.8657853702798,49477.85348633664,Business,0.0674558655524395,0.18920159785350016,0.17451044543582256,Low
22605.097918205116,29962.6681944714,649.1174052282825,14004.505067140159,Real Estate,1.3254827872406973,0.7616501430858235,0.7872202900506048,High
91438.05008750448,15062.434168386875,664.1963571986475,52270.92883836737,Personal,0.16472829586777507,0.25248376189345256,0.22485729514148356,Low
76740.94136476342,4434.181013402489,710.7885574885571,36627.33241052175,Personal,0.05778116523650698,0.15127869773745328,0.14885541971843366,Low
69019.85299068264,15718.848390340874,740.1942218584409,33295.60128778538,Personal,0.2277438694698878,0.21921811783106493,0.19719647978010163,Low
76835.21553071005,35007.59790634311,673.02768621595,28510.36681529722,Education,0.45561918014469577,0.34729114033260705,0.31787725578442166,Medium
35248.62170798214,28502.217421134927,657.4905367574294,21272.07072888326,Business,0.8086051607141429,0.5147912382533923,0.518480625241451,Medium
70606.56224324976,16513.478655921408,680.0263979428298,43007.97487710809,Real Estate,0.23388022488660615,0.2629467452765205,0.23410662775014238,Low
82142.25143023493,16507.422956815713,710.0603374464557,27105.398047720704,Business,0.2009614135161099,0.20408197199004138,0.18548933419865565,Low
104557.88089483032,16783.649487826173,607.8072591933229,5000.0,Education,0.1605201764246545,0.1757398790852721,0.16502557902026604,Low
64634.59563452705,40767.47983560841,565.1909523431381,8242.203074394965,Business,0.6307377563886374,0.4323741246925893,0.4162639453097515,Medium
58830.12794213625,23819.354522315534,652.4731575254208,22212.31371710879,Education,0.4048836090539123,0.31658178812867227,0.2855509815901726,Medium
64964.85912830927,24300.416471910696,618.964378704292,29649.984747483326,Personal,0.3740547858945711,0.3278693464289727,0.297202877350332,Medium
93308.04235404148,30302.83454031842,654.5929901176345,24151.172666501563,Real Estate,0.32476122931975654,0.2796501399513634,0.2494122717392413,Low
81575.02219319368,22387.891590265135,672.6109840591264,43284.56184690495,Personal,0.27444542444921455,0.2863997238975491,0.25578335210454245,Low
64404.79592465922,17409.57854179297,657.3375795488494,5000.0,Business,0.2703149399333352,0.21315597130236782,0.19244198850410152,Low
85265.34866226712,18036.501509150217,752.6233767235373,27153.819047577403,Personal,0.21153378004225526,0.19444274809621048,0.17831781335474417,Low
76941.5509869608,19283.98740585936,696.337238230116,5000.0,Real Estate,0.2506316438711691,0.18954973785436716,0.17476134676504376,Low
94372.89981065778,19627.777634901584,695.0237179805414,36395.684432262526,Personal,0.20798108010118566,0.2314794202161033,0.2070823386585321,Low
60958.93812245295,27276.295436369797,711.1103572021701,23583.11928336996,Real Estate,0.447453585585395,0.31991290528808325,0.2889610156461301,Medium
68446.75706804464,20519.458858072994,623.0583441109616,31294.149580361773,Real Estate,0.2997871592027959,0.2925789337817821,0.26170890827292337,Low
67157.83693735684,27326.400772155794,731.9555893710134,12041.75559115351,Personal,0.40689816733742007,0.26919532801418883,0.239754967413208,Low
45729.70103735763,19192.834198914177,676.211785673227,44191.97397486627,Education,0.4197017204034445,0.35957182497266876,0.3313377392837792,Medium
80922.40554129152,20786.351903160907,713.5240308620606,40625.869960882774,Business,0.2568676964571258,0.2578535772578364,0.22957153750272288,Low
80221.10544359779,17.99315467892302,626.4071383479923,33753.16454517831,Education,0.0002242945242330739,0.14653360399435827,0.14587443713656525,Low
75102.26913284922,29163.276747024815,602.3120616991968,23057.24129704839,Education,0.388314189221601,0.32769084954635724,0.2970164949079762,Medium
70308.25733249706,23464.884758979926,720.8944829012514,33697.85927942698,Personal,0.3337429435636753,0.27983384343436757,0.24958426309297682,Low
46692.585158991715,29980.101098596522,698.8204763048758,14396.611480189766,Business,0.6420741322527347,0.4031877680379672,0.38129360115709576,Medium
66587.09354469282,0.0,634.8974222821245,37833.33488531068,Business,0.0,0.15158522661222446,0.14904970642721152,Low
68145.70966946462,40883.74704780728,636.5168459362653,49742.213414858816,Education,0.5999460163539373,0.4748044305585926,0.46854712472269056,Medium
58954.45461556762,18604.103718448263,736.2717392207385,41059.15839968779,Personal,0.31556739587809923,0.28004140089581164,0.24977868281848317,Low
71774.28576667982,31081.828167375163,620.5294053566336,14055.962952888858,Business,0.43304963379802036,0.3256263644436231,0.2948657218106503,Medium
83081.01713629077,9600.940728744692,762.1336476627981,30421.259759096545,Education,0.11556118424735663,0.14963476540794263,0.14781701226166047,Low
112723.7180242106,26127.739050625696,634.9689632676066,5602.8768436202845,Business,0.23178563933647067,0.2029918804374971,0.18466727369799166,Low
78491.55625663677,9465.844368263439,711.9195962804191,33585.85466763514,Personal,0.12059697653737199,0.17620445774027893,0.165345904553739,Low
80151.00781445528,13762.31039304195,663.5690762125507,31759.05119293808,Personal,0.1717047703866789,0.21516963715125653,0.19401153510750466,Low
73511.08168467665,39140.31353866786,710.1593715541171,5000.0,Personal,0.5324409958563654,0.325576013850259,0.2948133800553077,Medium
36624.57569401917,18093.175992366534,652.7942998942904,7573.242341314544,Business,0.4940173544541887,0.3317571737117386,0.3012791355161392,Medium
74469.72249101567,22174.328731797228,671.8603546963853,20752.916548843492,Real Estate,0.29776301012095796,0.253260154147677,0.2255346299791972,Low
76204.60419882053,28700.67730688754,682.045958769786,20487.103792887607,Business,0.37662655175016,0.2885653803656366,0.25785004983140725,Low
124264.84224970572,24956.818879726045,629.8906272109264,6857.84596871792,Real Estate,0.20083571851784285,0.19181921218073616,0.17640390705591993,Low
71152.78070437755,21504.189051435766,717.0412172710063,30834.680940282757,Personal,0.302225560808093,0.25970877148308036,0.23121627812373788,Low
81030.94684667225,23649.610024662255,654.3393216764207,28772.10413410768,Education,0.29185898653525966,0.2725304115324026,0.24280761466961298,Low
74305.76460589514,44034.155852382755,668.570004232999,22085.96302032221,Real Estate,0.5926075330215935,0.4045098087045003,0.38285422513031525,Medium
51626.43924760936,19423.812029664146,630.2825312695744,13663.127497624557,Personal,0.37623768582032496,0.2929924398102677,0.2621085877489908,Low
97856.45629030041,22010.990467149673,551.8833170602345,40730.60689624846,Personal,0.2249314077126602,0.2991445704510972,0.26810131461763886,Low
90038.66065373548,30506.54396007612,670.4486118699915,49831.10669632443,Real Estate,0.3388160567758343,0.3324413199440984,0.30199972282609705,Medium
90820.63894086094,31055.259329579836,800.6307710806458,17746.577742301943,Education,0.34194055108775306,0.22388786476472308,0.2009189677949053,Low
56812.250904105225,31870.3030556038,719.2302143949012,15817.49624267769,Personal,0.5609758907352299,0.3582769798312405,0.3299049244627209,Medium
103055.88621872198,26387.302220291847,679.0369810132803,32368.114981179944,Real Estate,0.2560484722268888,0.25310035512994067,0.22539510110289898,Low
46962.97874415438,8569.950872695164,666.8554585395866,19629.559303795206,Education,0.18248311972250889,0.19513992839604957,0.1788291424945235,Low
86737.14187600541,36334.31532301096,681.1232946406024,22909.041990051486,Education,0.41890145948032825,0.31487235678828984,0.2838104631611119,Medium
118809.11251619957,8536.546069813121,707.3559557587605,36094.79727587007,Personal,0.07185093709583233,0.15846001989068204,0.15346228728227698,Low
55189.27349738623,23026.35465239033,620.9593592345577,5000.0,Business,0.4172251815106945,0.29945046396667985,0.2684015377588233,Low
63674.04540794456,12457.24149980642,735.7160847334436,44774.53487279004,Business,0.19564080497784955,0.2277049717403483,0.20400065776996734,Low
76993.02730175282,19358.616534070075,715.7690657720622,26090.20786494012,Personal,0.2514333727676319,0.22527272595885073,0.2020329714020378,Low
64930.48691767602,23287.624103034803,715.9092862853968,18827.602831567296,Education,0.3586546968692948,0.2643086883499949,0.23532982464630112,Low
43986.731378677345,23213.57215450273,701.9237869404864,23661.487686678265,Personal,0.5277403304796491,0.3634553334577153,0.3356537542413699,Medium
76371.25949612055,24219.207542352848,680.9808328846995,24436.44032530778,Real Estate,0.3171246317285512,0.2670890202026443,0.2378406217135688,Low
53753.92572547791,36137.11269058647,713.643061798341,5000.0,Business,0.6722692752737585,0.39426061582570004,0.3708208617967623,Medium
84471.84861270363,24535.3430151398,709.5907066870689,47424.07341179854,Real Estate,0.29045585503440674,0.28963229551007025,0.25887221035733204,Low
56611.51531532394,17558.433647093512,662.2979644529488,25619.884484059276,Personal,0.31015657414032677,0.27256583329018236,0.2428401779715011,Low
105998.68810035079,29640.871682883575,651.319911355155,31645.031956710627,Personal,0.27963432580242925,0.2732296110422282,0.24345093886578814,Low
59334.93415327526,31894.704889246408,685.0928147630993,39273.24655861064,Education,0.5375367031984114,0.4055173806823919,0.3840452552676281,Medium
68558.76967588649,7723.921848630076,757.4510075747594,9682.563136595496,Education,0.11266132524176169,0.10836013916180381,0.12366205631943192,Low
91270.3443473934,25974.00069849858,618.044646217305,32102.07848552843,Education,0.2845831346887032,0.2883623197681244,0.25765580577068914,Low
50382.7136713209,27011.727423108983,606.623736712378,20985.383636518098,Real Estate,0.5361308562957524,0.3959337001106613,0.3727747212968073,Medium
79549.19869208259,17024.36496640008,688.2380420618258,37701.56162824741,Education,0.2140105148299186,0.23950083641433917,0.2137452745458819,Low
101142.85508564857,33757.06813311619,682.5443850928009,5000.0,Personal,0.33375633013850003,0.23598014680120266,0.21080177867724462,Low
42850.33530877545,18499.44412967473,688.6670832185204,23513.585496380965,Education,0.43172227233158134,0.3198293366108395,0.2888751720507599,Medium
78692.67717064609,21255.76453471542,692.197659895425,15957.690163240575,Business,0.27011108655792737,0.22266586717176545,0.1999397983135282,Low
80197.65588496847,18269.281757161305,668.8398872682598,31483.944259512333,Education,0.2278031889531267,0.24080834631267284,0.21484601957476435,Low
90636.45743554621,20155.790475814676,754.4931719301042,32050.662810523034,Real Estate,0.2223806076064695,0.20899992168424408,0.18923319356190757,Low
50260.985782438365,9037.249131047982,599.9548010761742,14385.611577669608,Business,0.17980644411088484,0.20692569188977897,0.18764713657689822,Low
48590.867738314475,5599.491174057057,638.5751487609878,14317.392037359346,Business,0.11523752167203616,0.16087408064215286,0.15503692723144305,Low
85438.83131233795,35945.050632249724,674.8372619925476,23340.01947164006,Business,0.4207109352987956,0.31885764941883754,0.28787814614059154,Medium
80939.69346466372,11530.386516816721,597.8405594422916,11550.366590271879,Real Estate,0.1424565132786252,0.18332643942845936,0.1703190476838147,Low
80009.85700691753,10086.076505436928,671.2072797783965,37629.7554317819,Personal,0.12606042408705842,0.2013930359264825,0.18346665437004256,Low
81928.96418993952,0.0,763.073508286401,19461.891993288307,Education,0.0,0.0696037222384351,0.10414621492861817,Low
61399.505568430184,13610.382523104978,681.0443244147981,5000.0,Business,0.22166925282380506,0.18046604132432673,0.16830754539516438,Low
79645.07394322006,6769.102065925017,691.5350452859342,19377.669150672908,Business,0.08499084413871964,0.13717956791684652,0.1401430730318587,Low
80861.44946597362,36420.15160136369,616.991761741371,9421.842687340415,Business,0.4504019139143583,0.32628284407019964,0.29554865702303346,Medium
60712.97163947264,30098.17089342634,649.1819295980262,5000.0,Personal,0.49574530912695375,0.32874962058770296,0.29812302613744057,Medium
112315.49022289514,13118.496548222764,661.2401809838032,6438.6004266614145,Personal,0.11680042104778707,0.1378985239711682,0.14057681543552028,Low
84476.65841823575,42524.35805344309,664.1142451621884,26641.12707749455,Real Estate,0.5033858920284123,0.3705819371707758,0.34364552761099065,Medium
51173.93005594703,29817.654869915943,744.0821897501885,44929.61242372347,Personal,0.5826727561732533,0.4185783594928306,0.3996057222096248,Medium
88131.07217267659,16751.686164913775,707.8845530362562,29697.7671079747,Education,0.1900769586927518,0.20459240660835254,0.18587523381735793,Low
55506.36659545357,0.0,624.4271021531484,15902.449176763905,Real Estate,0.0,0.11141886229947542,0.12532898328196374,Low
90741.69207484904,42909.42572590742,692.3252389216002,31838.56292756054,Real Estate,0.4728744278926739,0.3557642554761874,0.32713347300423845,Medium
98171.91158014808,6104.275332364039,704.9110874248393,18113.645346715122,Education,0.062179448623453516,0.11852486650227256,0.12927596941587172,Low
58586.353632965795,3546.0125304310823,737.0074519260634,14580.994462552831,Education,0.0605262541622967,0.09930483885587871,0.11883846746780888,Low
94267.52258488644,30225.704320096404,759.0270343284187,7684.559976505236,Education,0.3206375164137641,0.20779598369103883,0.1883113559801523,Low
83255.61853872996,44397.52406339273,629.2452904086066,5000.0,Real Estate,0.5332676021467464,0.35454722798798266,0.32579544143551975,Medium
91441.2031998898,33842.72818510518,639.4571244394831,19151.14440160832,Real Estate,0.3701037059970135,0.29766339199955283,0.2666506063244655,Low
112935.85965307895,25639.091200523595,617.1211070542691,27370.80234880198,Real Estate,0.22702347402572412,0.25044589216190044,0.22308630774478333,Low
70092.23767994258,25947.543416652858,668.2990070446509,23550.644949776655,Education,0.3701913974431143,0.2963267508406454,0.2653457581897882,Low
59925.27671285021,28534.155587803078,703.3179187223167,18760.49608078962,Education,0.47616226662636824,0.32737227180806333,0.2966840109905297,Medium
57209.711407489536,27589.285897867652,729.366725829455,10813.809089548284,Business,0.48224829699553134,0.3053282163841134,0.27421150508501596,Medium
58683.79430069123,22811.914239693757,676.2024488178739,34123.69287527453,Personal,0.3887259593816867,0.32395067762331925,0.2931266774718962,Medium
73457.96581171792,21042.011039518762,664.0076238372578,5243.021200801224,Business,0.286449683257662,0.21935525208787188,0.19730505095806727,Low
81823.03949633287,19374.068721004776,687.587899612437,36640.418707652134,Education,0.23678011523726247,0.24899281281778124,0.22182961171193272,Low
80533.81598660038,12460.354111333238,638.2428549184989,9966.744716099129,Real Estate,0.1547220128424866,0.17203231176455958,0.16248704711534367,Low
91543.66498072048,17193.24923133226,784.4769360847387,13713.471439704475,Education,0.18781473556857523,0.14446009792790643,0.1445874304599064,Low
75260.03783755813,3070.431858046144,599.6169486440971,5000.0,Personal,0.04079763904282627,0.11876930823526122,0.1294136080842337,Low
104070.68154314633,19016.6037320525,689.2370289447862,17478.96779671545,Business,0.18272777164593149,0.18306169355353094,0.17013207248899564,Low
69706.86333524088,10114.088928490824,781.180310961482,39629.68687716968,Business,0.1450945924772025,0.17609597200653523,0.16527105938585893,Low
129403.38333179237,8964.106827842292,680.3399922279999,32734.421326659347,Real Estate,0.06927258466541154,0.1599851377290833,0.15445555984276868,Low
87513.34695530012,21798.941511534784,670.4980482499253,39676.331680420524,Business,0.24909276436049463,0.2672526755705265,0.2379889845878872,Low
57856.848871674345,33920.02286344599,662.1277288594787,32832.13818900904,Business,0.5862749791071428,0.4251096263341264,0.4074657328211375,Medium
53582.15003877775,29183.16606002313,670.9804159118796,8444.952572044462,Education,0.5446434314207825,0.3523950034738168,0.3234361765669192,Medium
84649.4483048637,4294.993963768229,748.6424237338265,20038.16163508664,Business,0.05073859369171402,0.10121888232762094,0.11984428259319402,Low
70530.74429348299,10103.718634296625,569.4069044335247,13297.013063238059,Business,0.14325268697370325,0.19725322687208371,0.18038609355559201,Low
89280.00988184183,29407.71187988216,756.6716850648163,44958.623560585605,Business,0.3293874173939046,0.2875503610893648,0.2568800562646305,Low
84464.75249147089,10175.126064616905,608.8021423774927,7048.170303605326,Real Estate,0.12046594306476387,0.15945796777106575,0.154111633838968,Low
73543.42174686254,17753.668500029755,666.6673835382793,38405.465340836665,Real Estate,0.241403895526348,0.26221850778427813,0.23345439243011526,Low
58064.1256386319,25500.520990245517,658.5377789850669,38394.30805163154,Education,0.43917859280187305,0.3639528140388819,0.33620864754186797,Medium
44703.055506282704,10316.555451363647,709.427663488536,52444.303025741305,Business,0.2307796488299044,0.2698921962940103,0.24039064288736156,Low
66069.70095865958,21053.7550614596,600.0937824058126,18854.70111055754,Real Estate,0.3186597601619709,0.28524147674710787,0.254682502749448,Low
92127.97588646944,6659.745050817955,703.1086333040971,35684.83239370243,Real Estate,0.07228797753056954,0.15935766532771417,0.1540462674257433,Low
79281.87488260408,13986.323560487865,781.2154811643426,59224.77754808264,Education,0.17641262370747396,0.23093275595072252,0.20663388868926216,Low
50085.22442576024,23197.81934142537,611.8412997703595,15735.374845994551,Personal,0.46316692412571236,0.3471102236006008,0.3176811460495167,Medium
78463.61851702364,4070.062664683308,689.4853083805198,5000.0,Business,0.05187197253463729,0.09258823036831165,0.11536655811943058,Low
82706.34759457674,24404.74737960399,646.9008911101696,5000.0,Real Estate,0.2950770779920678,0.22922057742773877,0.20523397182467132,Low
57322.851275977344,19803.622010733186,701.2943603096518,35690.680432919966,Education,0.34547517386024407,0.29660329121608486,0.26561538592006234,Low
78074.50211891056,25524.89954417148,680.9573888707876,5000.0,Education,0.32693003287162875,0.2331271144814188,0.208438354077667,Low
76164.17436892,22239.141340646616,647.9256545477845,19415.21420593116,Education,0.2919895282121203,0.2561455497363515,0.22806454617982108,Low
52140.59404338754,33641.40429973844,704.3936142435537,31559.697805584412,Real Estate,0.6452056198620322,0.4371126946326954,0.4220322040244221,Medium
82155.74720696567,21252.24502647907,770.2174054893371,27777.63305244871,Business,0.2586823898386646,0.21305502379269894,0.19236356039261382,Low
86215.69052736468,15705.94458874747,670.4548104136351,31381.672962762583,Personal,0.18217037400822575,0.2172174233718845,0.19561762545217987,Low
96661.02486350553,21222.97503032284,715.9878971074091,28334.34783701281,Business,0.21956083188949918,0.21374750087498376,0.19290204900683516,Low
96076.04104069807,25432.980290363877,615.3363521064418,44182.9871997009,Education,0.2647171970750793,0.30354703689937373,0.27244262597848484,Medium
47446.61264085818,20488.60070325704,632.1781811590996,10715.254288918046,Education,0.43182430868865623,0.31422095192483496,0.28314890002453197,Medium
56243.499201697545,20405.916912038825,703.6203138940189,14845.07292312203,Personal,0.3628137865117562,0.2627604577277626,0.23393966166049593,Low
85300.7053441732,12980.083121932446,754.2058014267982,13410.108320937641,Business,0.1521685321306561,0.13671419985068634,0.13986291651957292,Low
85275.71901824417,13370.990824490518,697.780667439283,37452.87717793915,Education,0.15679716311310005,0.20702880622797548,0.18772574075939277,Low
85300.95372612096,5973.947282003064,664.3470984738423,38505.97882592595,Education,0.070033768921082,0.17755339559221328,0.16627881861111346,Low
152054.62981309442,37495.76743186939,679.9645702711678,31768.379789777624,Business,0.24659405292663034,0.24684629065304647,0.2199824675455542,Low
86417.81021386334,7561.367646087148,617.4796133015142,42752.40500334892,Education,0.08749779272784833,0.21131972520538173,0.1910191788671904,Low
97711.31280361197,13070.948022040928,710.2257663177684,7329.386989354291,Business,0.13377108184302022,0.1308763973763004,0.13638821387039418,Low
94080.03526986405,12815.927344308026,724.1166531161705,50008.361673267056,Education,0.13622366645108236,0.2125579731193092,0.19197774704822962,Low
88027.82502611596,28949.243769444412,657.3954833583459,47848.57932568387,Business,0.3288646943265473,0.32810757051169576,0.2974517307165851,Medium
68694.6151071931,17050.50321707972,656.4978926120249,36034.3299586862,Personal,0.24820727491483305,0.26446715880583893,0.23547243810017054,Low
90179.38440986535,32477.42072673734,693.2939114826024,51726.9836315659,Education,0.36014240881405274,0.3388332029115926,0.30877895792648835,Medium
59543.495709248564,13265.093757561315,658.1640131979702,5000.0,Personal,0.2227798955965718,0.18909676666959052,0.17443495022421965,Low
70263.62786519983,22789.94162223802,676.6933692687089,17133.27795606022,Education,0.32434905960108307,0.25760813185311765,0.22935455180516776,Low
65292.72904341793,11646.529467402426,784.9860894583258,13970.448089770716,Education,0.1783740645862389,0.14007401454619295,0.14189611958097154,Low
76637.48278772645,41451.49127773388,667.6487149627002,35822.18985636015,Real Estate,0.5408775154130241,0.40644241449122054,0.385139944947073,Medium
121293.17133347018,8124.015809704872,662.0829923989389,9247.888905967817,Business,0.06697834445576158,0.11830859978136739,0.1291542992983503,Low
37654.696148165036,23098.207102270273,647.622909718242,36362.42724006229,Personal,0.6134216834835854,0.45086290455665534,0.43888573353116855,Medium
88725.20380749027,26337.768809320987,717.2095985749968,45558.0421599507,Personal,0.29684652927331484,0.2864065494595011,0.25578984866810983,Low
42745.682576206964,24137.99097451498,670.9387913390949,35428.04350125999,Personal,0.5646883970441177,0.41639835916960416,0.3969934674899452,Medium
65561.36268421133,18147.123411222918,647.5313480839287,29256.265354922518,Business,0.2767960071030244,0.26837005846702944,0.23900365547157376,Low
96779.01193934731,18701.793002665738,746.0652016136506,10181.899886488762,Real Estate,0.19324223948872715,0.15366778953605265,0.15037523623942728,Low
76285.60038190926,20438.114719791098,750.9801502256819,12297.235508119531,Personal,0.26791576152604935,0.19350053405255252,0.17762859042688955,Low
53445.104441413874,18529.979983715115,649.9788217130647,43744.28357945,Business,0.3467105205871109,0.3314395374360797,0.30094491297805814,Medium
60693.925814800634,29638.791167949097,586.6730024319692,36690.23505857999,Education,0.48833208216565016,0.4104854515181136,0.38993802302985076,Medium
88591.95497869351,42105.23001591351,730.3756844918461,24414.707209336837,Personal,0.47527148515957096,0.3286855036483958,0.29805594951392056,Medium
60392.66736565727,14425.082149921665,645.7685087119999,18731.35681351164,Personal,0.23885486068337816,0.22897184677624183,0.20503119018821256,Low
79329.1717916395,6301.970204209221,719.5312799581384,5000.0,Real Estate,0.07944076638996735,0.0957681667391701,0.11699918379412651,Low
75911.43679807628,19117.179516487453,581.4948091144082,8937.213719733418,Personal,0.2518353007510446,0.2385586157746098,0.21295460261403387,Low
61967.99304788366,45797.093376543184,724.6298669149654,53671.286307095856,Personal,0.7390443214960187,0.5211130156275074,0.5263667881551297,Medium
117878.8817865065,11963.25432030269,619.441403535961,5793.166434962997,Education,0.10148768073631416,0.14370379551950863,0.14412035415092073,Low
87678.38044636023,36391.16805444067,716.5382059533263,27842.197318316208,Business,0.4150529226153306,0.3103150185490061,0.27920169614628304,Medium
34497.14826684786,36777.0081407644,680.7136533918217,40111.65959792798,Business,1.0660883576891924,0.6730156203727504,0.7037205223372498,High
78729.08629538855,14464.117582920055,632.3030290301677,6176.159979965614,Real Estate,0.1837201250964762,0.1810466075563454,0.16871427536960765,Low
61764.27070463224,25689.830791852753,659.648184353661,27770.65712171625,Education,0.4159335243300469,0.33069107016598737,0.300158198179449,Medium
92048.66669592448,36283.966231285376,714.315922847835,39068.73306265983,Business,0.39418242038362816,0.3231171741355449,0.29226389866245844,Medium
59149.58523134599,16208.72259012513,685.2947226557617,25187.489828608755,Education,0.2740293533205607,0.24552093067428785,0.21884748400074883,Low
72705.27117066202,17964.196398976383,709.2206490236242,68026.04583500153,Business,0.24708244821491407,0.309280145533828,0.27816155563134626,Medium
85099.74557960914,14183.190860513561,778.8220292257743,5000.0,Education,0.1666654907592581,0.11845438212347345,0.12923630468859493,Low
92315.10388340242,9852.43269307133,601.7879194144474,40880.927948258184,Real Estate,0.10672611824729501,0.22272917875624126,0.1999904409555102,Low
50994.071858884476,13507.224549339928,760.8606287484312,22407.973939053034,Personal,0.2648783291265379,0.20871606700075224,0.189015539004361,Low
68309.97528318103,7760.597332377434,685.2177968761606,36578.802322550124,Real Estate,0.11360855131634358,0.18812030493521537,0.17373297883865513,Low
65501.09377678088,20340.83468259226,635.0607975838436,31619.607275488688,Business,0.3105419086879855,0.2943710638653782,0.26344395458760644,Low
61933.41534852576,12300.267689413582,613.4843187130505,14002.657043350051,Real Estate,0.19860470507228975,0.21078378943000362,0.1906054286269107,Low
110309.08480562194,22337.859117907476,670.5439804611483,28434.945886890106,Personal,0.20250244263443493,0.22145853175176886,0.19897589695613255,Low
83099.63421921911,4441.043537963727,726.082505596223,5000.0,Real Estate,0.05344239574205746,0.08045678413118534,0.10931900445637592,Low
49782.320913299096,23308.80232214457,673.6225439811233,34048.712508570905,Business,0.46821445634764974,0.3644555200211585,0.33676982876646555,Medium
93357.23894109552,28335.28961608925,755.5577465123674,29472.376989857883,Business,0.3035146490779105,0.24403463857312957,0.21757970627647427,Low
117443.12394025267,62.64357428544463,607.441215497422,34579.90252964653,Real Estate,0.0005333949931143994,0.155035485321466,0.15125102809044,Low
95649.30521102293,23740.565698475722,679.3955526076973,40871.77487630725,Personal,0.24820426709947271,0.26605901767610474,0.2369083270267787,Low
44612.60068091973,32276.68992473292,617.380327779344,30514.297603145664,Real Estate,0.7234881946377377,0.504873753308921,0.5060918901734298,Medium
65315.31854267497,7903.589813087945,698.1815941312484,27221.341296974144,Personal,0.12100667943499333,0.16852898908865138,0.1601173689939785,Low
100338.22298373246,36725.723868377034,724.344369504865,11783.974950080616,Education,0.3660192773628378,0.2509266346386866,0.22350319359483534,Low
60846.61068762439,24190.19009366045,658.9619103159473,14316.688545264236,Personal,0.39756018980002944,0.2948386801143265,0.2638978896243199,Low
83876.38856292456,12949.881442415912,549.7893071686433,42801.019302659966,Education,0.15439245375593197,0.26875498060023534,0.23935388122334658,Low
90492.68106858674,19442.30922342294,689.9474073398247,46545.03108558968,Real Estate,0.21484952146226183,0.25700397325296037,0.22882106006576974,Low
56461.39056843834,25583.269125217223,701.8369275866755,21428.34345531919,Personal,0.4531108580155685,0.3217049650054783,0.2908054969388585,Medium
73809.492878764,20760.053914124113,700.2147377480849,25690.041208799114,Education,0.28126536444605577,0.24487815131777263,0.21829855434231785,Low
20000.0,25387.55992446369,741.7891095911077,11430.78437509351,Education,1.2693779962231846,0.6957426458296236,0.7268528182764603,High
54512.2471733142,10793.264069206338,626.4473160175476,42591.352679011674,Education,0.19799704889968373,0.2630821770957896,0.23422806472035373,Low
69948.6369721368,21693.60824036078,714.0108052725225,34981.25235537668,Business,0.31013625396306393,0.27302681806668916,0.24326423278353845,Low
50044.33636070301,5862.855030950199,739.6253756238988,54118.26154695624,Real Estate,0.11715321767267889,0.20576888171005234,0.18676703329995856,Low
107648.22607863271,18887.739386512996,591.0706207996742,11825.153842303916,Education,0.17545797152956577,0.20276613316715278,0.18449738568834467,Low
46397.17244078735,10960.923585352102,695.9825912959489,19329.88151472674,Personal,0.23624119765790835,0.2111394472833669,0.19087992515587904,Low
66199.11026606032,12644.700574102335,654.7910084496165,28471.688837883587,Education,0.1910101287355996,0.22134573317899647,0.19888602050270554,Low
77614.81154572182,32360.931752104374,675.9238663449177,34697.34306588656,Business,0.41694273435220536,0.3393046887155519,0.3092823413285144,Medium
103825.4657813223,30913.10120594269,697.3838241769168,21764.985436785515,Real Estate,0.29774103080887704,0.24626501892145064,0.2194841708161457,Low
46282.75697641121,26091.38120907177,655.6385717943224,11905.583643194494,Business,0.5637386991092532,0.37427866797243126,0.3478265404805608,Medium
98263.27504309919,9076.87235327421,646.2145960419194,38221.11293385357,Business,0.09237298827352344,0.19455298022496786,0.17839858404535416,Low
75204.66122039175,16835.91550305198,681.7076208744012,35817.03043818373,Business,0.2238679787907471,0.24296536055136408,0.21667091773024147,Low
55369.82697904098,32130.976999791834,625.6377030568599,11255.888491544127,Personal,0.5802975872031224,0.3918472636234048,0.3680099482840754,Medium
84242.06948526541,21417.169136399047,625.7087435557407,45331.64201658244,Real Estate,0.2542336538888693,0.2969417308991028,0.265945603556274,Low
78981.1939114694,43193.29539981694,713.9686641478252,42552.980637949055,Real Estate,0.546880760605273,0.4065574012910669,0.38527610242675026,Medium
62995.66245682411,23933.17839394372,622.5602982420672,27014.44745871689,Personal,0.3799178778435263,0.32426066975376144,0.29344793757925525,Medium
76396.04169980038,21920.491164900315,713.3156250454606,26193.967935640547,Real Estate,0.28693228964711653,0.24409562479644148,0.21763162184753904,Low
67293.7280627648,16908.835357974986,703.1295646426976,33310.86656673861,Business,0.25126911295810705,0.24409291385628454,0.2176293139232371,Low
77270.34690502496,21335.409047822825,593.7096635604702,12074.453946156127,Real Estate,0.27611379917896245,0.252661220342804,0.22501198482199006,Low
88242.61349042093,18475.301636194563,646.1217673832173,25450.472187461233,Personal,0.20936938408108374,0.22754265969197587,0.20386890471275346,Low
106720.33632290704,27081.086766885906,739.7054701523687,5000.0,Business,0.2537575095804217,0.17580623591290426,0.16507130134690523,Low
50243.690023463016,29567.02316794584,630.9417234430159,38146.83468254403,Personal,0.5884723664631022,0.4478445384402806,0.43517263833228625,Medium
117660.66749312534,12140.105394920505,656.7797868845306,5000.0,Education,0.10317896076554067,0.12978484971764187,0.13574664094088287,Low
35958.24400954996,6687.670464422219,703.1030446625948,47551.29742643499,Business,0.18598434513782364,0.23994075165851303,0.21411516418489518,Low
71964.29809928834,1637.9462689670327,719.1695254641297,20048.198590503245,Business,0.02276053977080658,0.09765212866730516,0.1179758642993867,Low
86766.34412969153,25079.913269125434,667.4230556977752,21824.99527103235,Real Estate,0.2890511697904195,0.2526144969557067,0.22497124894611017,Low
80619.83735470065,8966.333938261263,650.1244902654179,15583.991408732416,Business,0.11121746498708941,0.15732101286439146,0.15272389532353947,Low
62546.00960358812,0.0,751.1184930849254,20679.416891168854,Personal,0.0,0.07625818916412874,0.10729165480800892,Low
70837.5549928545,23885.78604530964,766.9449831898789,46277.970177220544,Real Estate,0.3371910005606354,0.2904649759795074,0.25967179141531216,Low
65139.98130682334,44929.99517432791,728.9429025390898,5000.0,Education,0.6897452881157266,0.3975986784558316,0.3747232477727402,Medium
63212.704861115766,19939.290884601065,684.2659071282512,44154.480791322814,Personal,0.3154316988714461,0.3045191967378094,0.27340718714255646,Medium
91992.04194042049,28384.90774451642,639.5867139179537,30070.35221652562,Education,0.3085582964111197,0.28868336537345096,0.2579629560190032,Low
82140.30971930095,20818.29358547565,638.4777796721718,6894.675282141765,Education,0.2534479557797901,0.21516822974635325,0.19401043472289572,Low
61141.80809478692,19011.103468088575,706.1257052632878,8870.314104261432,Education,0.3109345971354992,0.22398708962452382,0.20099863263626394,Low
92991.99750866502,29190.764829877684,700.9199110444342,50145.89540812305,Business,0.3139062028123192,0.309861394206723,0.27874546961350105,Medium
81145.99041753219,17097.254558113487,750.0799296473215,10817.396800859033,Personal,0.21069746601329917,0.16224943379166595,0.1559399253953966,Low
91257.2423767792,22673.92314071903,712.522504626807,7699.74234106061,Personal,0.2484616294573515,0.18815176836604156,0.1737555628486606,Low
87592.57683847225,23216.978061960137,604.845984912009,42059.71813547094,Business,0.2650564568362238,0.3031726111906976,0.2720716952050038,Medium
58420.09978155856,13319.095463569513,732.597380886146,30078.293144288713,Real Estate,0.22798823544245203,0.21558692252057546,0.19433800018800712,Low
63796.37919606061,29920.423495365227,630.0969686342794,10931.116351954017,Education,0.46899877191169487,0.33397445325942154,0.30361806223379945,Medium
89945.87210246523,18250.402433045914,660.8014364023825,28249.374631069284,Personal,0.20290428016813578,0.22472685296889502,0.2015933128878839,Low
87207.4053086693,12442.548405071553,692.5100103125848,9613.709745395841,Business,0.14267765863496729,0.14615095105089249,0.14563621523166453,Low
74581.96812071704,25365.098435704036,779.7833744891982,41512.32097633908,Education,0.34009693059652896,0.27785544566651976,0.24773616613648405,Low
77346.54766617564,11015.320182089627,835.4959278002681,40920.564473097,Real Estate,0.1424151499253887,0.1581677882146761,0.15327256193982308,Low
100553.29791576849,20281.811573691284,710.3361529568091,32980.092982329144,Real Estate,0.2017021022093274,0.2161043595551541,0.19474339805408875,Low
63168.5722232834,19908.810033557966,670.8401690639806,30424.91591870525,Education,0.31516954290475074,0.28166748479661624,0.2513053337919886,Low
85941.94762340076,30858.955658315783,706.7252824240275,51417.8218730106,Real Estate,0.3590674462433678,0.33293691424746014,0.3025223251796774,Medium
70956.14695132212,24746.982328799528,724.3827712936918,24995.29491082338,Personal,0.3487644607559743,0.26870831268421325,0.23931140116298028,Low
70646.3759354556,19749.73041254856,663.9666187221404,7271.888118687981,Personal,0.27955758736431774,0.21998141037054408,0.19780136238846843,Low
96975.5370397438,28177.66299200287,769.7605677956161,31742.108692484602,Personal,0.29056465013908334,0.2370863420560581,0.21172340800578687,Low
91508.3269797606,33902.075490173134,691.50353795957,56290.70574305671,Real Estate,0.37048077053874495,0.3537617245344612,0.3249333423304825,Medium
91270.19272001277,25578.10306351862,704.8871544545697,9778.607602212218,Personal,0.28024596312603295,0.21089649519523984,0.19069238219441503,Low
101109.57614308658,20103.526198433807,713.296212602723,19578.058499590214,Business,0.1988291017062917,0.18681906340430637,0.17280099549553946,Low
75420.07683265518,6881.637676498405,701.0793305307228,31246.69057152179,Personal,0.09124410853846827,0.160675671695552,0.1549070133664209,Low
88639.05942589928,9348.863369246274,721.9470250234806,24191.427264913913,Personal,0.10547114815745266,0.1463135962473257,0.14573743110082352,Low
68794.66486813087,16947.752956453325,649.1373406726539,10265.446294340281,Real Estate,0.24635272210337303,0.2145999569323716,0.19356651578079306,Low
81483.32704976884,13904.877978407168,652.0849123026985,41827.86784345706,Personal,0.17064691001036655,0.23883157458526266,0.21318343845194043,Low
72397.1389126463,18130.28697014554,624.9922883514153,59800.61083025889,Education,0.2504282246846988,0.32422982046707355,0.2934159577218017,Medium
76939.91929985436,20566.49924897107,701.9750615310113,27941.97188535861,Business,0.26730596335587786,0.24178102137888746,0.21566754646126185,Low
86903.14050873827,25296.927543567308,718.9468251756057,11438.975653959995,Real Estate,0.2910933643534281,0.21467869518736143,0.19362797782004904,Low
58635.58633533055,19295.012219409087,702.8886433075943,5000.0,Business,0.32906658610119477,0.22645494835379942,0.20298761380818733,Low
116847.7455137092,24865.01643826202,763.7246216673768,28869.639718317714,Education,0.21279842695248855,0.1945886264420408,0.1784247093237434,Low
54879.65237000596,20644.744148101203,679.7201990585477,41558.16014974387,Real Estate,0.3761821231831349,0.3313061351645089,0.3008046077151943,Medium
50716.227744245356,245.33433646128833,713.4370827796256,32127.516197430727,Real Estate,0.004837393224481799,0.11487240567311685,0.12723417725674366,Low
98162.21747000136,10606.646061812457,625.4149561930343,24963.942386217193,Personal,0.10805222554241785,0.18321930712257237,0.1702433664684165,Low
90833.25387925871,18559.124442783846,660.6450148762799,16160.925223160408,Business,0.2043208147916159,0.20131342906226526,0.18340703369781972,Low
87482.3963410431,7903.052571588925,714.7768878782889,8617.545509228654,Education,0.09033877559525814,0.11013028309433735,0.12462440578636508,Low
87566.9101852856,25999.287299962045,722.4551055371572,37521.26989487323,Education,0.2969076703168963,0.26851222005272735,0.23913296184637328,Low
74755.0645430617,35307.508323436974,665.3016526167909,38706.57432078378,Real Estate,0.47230924806570845,0.37875542469202506,0.3529212915487851,Medium
57054.91257028337,32187.61851697317,676.4200374070966,5000.0,Personal,0.5641515702494977,0.35333930133400887,0.3244702175856047,Medium
76516.09116387453,17865.57129069792,604.1063126659595,48847.58467271026,Real Estate,0.2334877673303413,0.3012250603049584,0.27014743184455176,Medium
61456.76576975777,34907.261368499516,662.1485399596695,33611.06831341002,Real Estate,0.5679970452606703,0.41752117456550714,0.3983381935422168,Medium
94502.39466835503,21486.674572021115,724.5191581759893,45993.9196771869,Real Estate,0.22736645613506468,0.2499584233597923,0.22266415532250775,Low
72058.85236995723,16629.140288819606,708.7602508053283,5000.0,Real Estate,0.23077165042046419,0.17523514845541036,0.16467813335985138,Low
58490.05606414977,13865.973364590602,705.0332860690605,5000.0,Education,0.2370654825391671,0.17969746383344454,0.1677703030259995,Low
68572.28316694013,16975.303135118716,682.488684359048,22765.460353490547,Education,0.2475534188323891,0.2284292709376293,0.20458936260930807,Low
83258.62908551248,16118.231814587713,680.3531579314089,32541.766403427915,Real Estate,0.19359232780584404,0.2217550527339865,0.19921230664914566,Low
63725.508943920504,21704.162223754876,646.9839430263277,51945.412343904456,Real Estate,0.3405882916189009,0.34583769648796725,0.31630358486898963,Medium
58555.59208867137,21605.739810498646,714.9414210101268,35591.18370722697,Personal,0.3689782485297192,0.3033392254404453,0.2722367151972591,Medium
79873.74422983825,20030.460201534144,701.0486472194694,21359.7808478195,Real Estate,0.25077652731410843,0.22067889103993932,0.19835531278469876,Low
79899.33142217445,24369.381697463497,704.60094239964,9604.461885011619,Education,0.30500107151960804,0.22302677397701312,0.20022861487638782,Low
64861.1364925774,31906.462747863414,653.698257866621,43450.008590787256,Business,0.49191957577731826,0.4021427728820145,0.3800617502818404,Medium
65579.23388763354,29495.54135441324,572.3328540064377,10529.418613739277,Education,0.44976953230274463,0.3439437725530493,0.31425929771414624,Medium
79640.99874715273,5151.020315500964,734.8576355876847,49427.028321584825,Personal,0.06467799747030571,0.17183153693561026,0.16235048117850656,Low
46038.313170053516,0.0,656.0581271995798,20734.23025590236,Education,0.0,0.10991853326489423,0.12450894938924541,Low
46850.72451246889,29343.199112392736,636.861211797844,48858.731089267756,Business,0.6263126006639089,0.4860992171700744,0.48263101306630346,Medium
60631.11557495128,6331.213015845789,714.6739455956997,35183.96935088917,Real Estate,0.10442184604073858,0.1703409985707242,0.16133951739791877,Low
70731.05696576305,17752.345981073166,660.3993680040435,22945.067658363125,Business,0.2509837508813997,0.23829988087364604,0.21273785689378424,Low
81218.15131196009,8298.869739406406,732.996819202331,17209.0544226081,Real Estate,0.10217998815967046,0.12680334320658165,0.13400717454138042,Low
104507.12433899104,1980.1956241998014,710.8502974788348,19886.381839808804,Real Estate,0.018947948637229903,0.09835839771158497,0.11834382348203566,Low
92153.19246404039,25414.62728204788,714.1784661600238,31424.750385628562,Education,0.2757867264551368,0.24867987594234653,0.22155963152588493,Low
71801.22940073146,27591.55160302647,611.7022144399733,26157.34744326575,Education,0.38427686870143457,0.32855823002314055,0.29792282657737706,Medium
74619.67584194623,14234.895992732807,740.5971992693201,16092.828878969423,Education,0.19076598540690648,0.1661814036604556,0.15854514539841819,Low
54949.41270724383,0.0,693.0625265616928,22515.528845235516,Personal,0.0,0.10042075419810885,0.11942398149266971,Low
74629.7372801522,14537.555517475172,661.5361430376898,26178.655445787248,Education,0.19479574828064466,0.21627184043035924,0.19487475204377855,Low
69226.82722159724,23918.040054025463,687.1694233671126,5000.0,Personal,0.34550247373699605,0.24022085215069358,0.21435092089313845,Low
81454.37120676179,5210.884312258713,591.188238355084,31872.521721830482,Education,0.06397304693484812,0.18707689455046717,0.1729853461973128,Low
58455.38112895354,21833.599197791555,700.4326405740335,10304.181629247898,Real Estate,0.37350879895259387,0.2601512425321927,0.23160976984555223,Low
85386.93028482345,19846.901508270046,628.5314245908964,7700.013951913825,Personal,0.23243488719019573,0.2097828510550797,0.18983452508692353,Low
105654.77826005155,25792.914996010884,612.3664857078232,5000.0,Business,0.24412445343954006,0.21593287882289125,0.19460897656791137,Low
72824.79703086284,21195.803684141534,603.8820406891055,5000.0,Personal,0.29105201179151713,0.24239116800548607,0.2161840410131809,Low
83034.23444197883,10269.310591184445,735.6344187494963,5000.0,Personal,0.12367562199131552,0.1122021337899532,0.1257589310990577,Low
88802.87983422226,31965.715016644914,648.5368303153606,14364.685635542643,Business,0.3599625944149413,0.27981531660254627,0.24956691386233779,Low
66975.59056228328,18414.7042697303,756.686385495825,54298.887062898524,Personal,0.2749465008838665,0.2790052414515568,0.2488091159556581,Low
79481.84963620834,19726.954604900682,653.2099268473851,17111.80486157194,Real Estate,0.2481944581711643,0.22777615874494309,0.20405846215079762,Low
75251.8480156359,10667.320409268039,594.6321021203527,27666.25159402047,Education,0.14175492948759974,0.21633981424230458,0.19492808254767569,Low
76953.52197097664,15567.177488084897,624.173778002567,31007.22079759493,Business,0.20229324258811868,0.24286443535893143,0.21658528252047896,Low
59539.80432289067,11151.972859730991,741.790581000347,26965.977793237733,Education,0.1873028134129004,0.185774921939862,0.17205601762545555,Low
75490.20348517885,18270.53940076577,672.2050911031666,23838.348089110095,Real Estate,0.24202530338062825,0.23144049218506374,0.20705038071439635,Low
84959.965824909,37117.084801423436,652.58563517547,7070.593546011329,Business,0.4368773508915567,0.30225552071116457,0.2711645021207581,Medium
104022.87215590084,6280.988570686437,688.0009112926393,46763.913224188174,Education,0.06038084164099039,0.18089439622441061,0.16860756425907908,Low
94185.41652170414,3864.386021232589,705.0891368083772,52107.94965456828,Education,0.04102955811998854,0.1758756889073506,0.1651191679330314,Low
118063.64915023113,34711.70327493609,735.8699407951231,5000.0,Real Estate,0.2940083889052665,0.1972853918190604,0.18040987222447463,Low
59653.048742239014,17906.763228481337,752.4249614946464,9639.571136704308,Education,0.30018186171601235,0.20380832201565724,0.18528270379835154,Low
92446.41273441356,13309.272613400834,662.0115677105457,20802.84486434491,Real Estate,0.14396743172324739,0.17993826404541502,0.16793847703194376,Low
78666.84011476704,30399.046873960764,613.6976156958981,10531.93307634713,Personal,0.3864277099424815,0.29767856264302983,0.26666543953655086,Low
118796.05866435345,13943.844602631358,659.3267419438362,32589.48330183798,Real Estate,0.11737632341850933,0.19116357233275316,0.17592813714399086,Low
58834.03429289697,38260.09713546936,693.0140253291443,14075.916963900805,Personal,0.6503055178061876,0.40871140742060924,0.3878299903940585,Medium
58205.56315638448,26779.25871339269,631.8120536894695,57475.84101709904,Business,0.46008074247891395,0.42199956373619524,0.4037167755951752,Medium
63012.14709111956,15120.885918542974,632.1424542552479,42858.228915153944,Education,0.23996779377597172,0.2825912532164416,0.2521753712299405,Low
32522.08551380386,41573.082132655036,697.1893940774943,28188.61045948322,Real Estate,1.2783030816092504,0.7494619167550642,0.7768337898148374,High
64484.899566384775,13942.850769966615,677.5673824214774,40404.79394979598,Real Estate,0.21621884912161451,0.24977758337046602,0.2225076912758193,Low
59817.34676892604,27420.95372009307,681.6398497705793,41588.50636535963,Education,0.45841140072661546,0.3718039425867637,0.3450249777921379,Medium
78007.87572952415,22992.92580406492,642.0752332649965,16540.78767912635,Education,0.2947513387467188,0.25384245652043685,0.22604358650038972,Low
81835.11951554319,33017.41289398798,668.4799642897117,12756.74133187053,Business,0.4034626342510184,0.2913106947458226,0.26048553199144586,Low
112523.41678431773,35615.11196726853,633.7883427865847,26172.14594454471,Business,0.31651289113922615,0.28691073412226087,0.2562700305269158,Low
94008.476763721,20320.041490657666,724.5099205562393,37924.54186746916,Real Estate,0.21615116200350365,0.22821528101095861,0.20441530200413713,Low
63461.92688675194,12465.821296538164,731.7624667361877,27085.905979801264,Business,0.1964299211838221,0.19411766664462382,0.17807978226596344,Low
57031.70657303284,24599.721429391164,587.6906068880953,5000.0,Personal,0.43133412811152,0.31824684985996166,0.28725246921429987,Medium
84838.38343013011,13222.846302478938,633.5244569903795,12957.633340737366,Business,0.1558592439867599,0.18024802150177957,0.16815500836448005,Low
48595.335859587154,40133.87247526623,605.173537245496,23890.40704608433,Business,0.8258791047607998,0.5471297062682758,0.5586410211996075,Medium
111629.17531708707,21365.353310827373,647.4988032796551,23865.015935112548,Real Estate,0.19139578206269325,0.21489893350875225,0.19379997168436877,Low
98588.80241442574,16346.784486878913,675.8281015104819,54588.13265184712,Personal,0.1658077194016814,0.2535525597655413,0.22579010308334735,Low
65616.4869579059,21846.803058649086,607.5177390150735,5000.0,Business,0.3329468563695613,0.26205540265004884,0.23330848303171237,Low
40737.30941818245,6528.737104703036,633.9070093437343,32583.83862753812,Personal,0.1602643178439526,0.22156795052632278,0.19906310959442872,Low
102077.44748330826,10283.859614893485,629.802131395925,47336.69662492434,Personal,0.10074565801202175,0.2227631170572978,0.2000175920052563,Low
72709.20309494765,32004.139079444256,690.3633664699472,59071.74618134194,Personal,0.44016627493016947,0.3945689710736696,0.3711806494375086,Medium
99756.32623946923,13431.057210286042,683.4672168518125,18934.038652240582,Education,0.13463865116728765,0.16396367929336764,0.157071423081837,Low
43111.44682411266,9530.890173180604,643.9131223331374,32371.441790802997,Education,0.22107562782722204,0.24801724255410967,0.22098873362554397,Low
63012.499540924546,25366.52752527286,688.84104360697,33546.405357979704,Education,0.4025634232902971,0.3252541540292362,0.2944789197773549,Medium
75104.87399436366,31857.041546629967,652.6659957706368,27932.225973299363,Education,0.42416743218317254,0.3375954636485485,0.3074596420429669,Medium
75939.61187529484,27189.533106650666,666.4172444836973,23517.32198141041,Real Estate,0.35804150739274637,0.29084931137083025,0.26004138969254925,Low
65998.69057041513,29960.476858058166,763.6726045149269,31539.630842500686,Business,0.4539556254694602,0.32052556694387496,0.2895908174277887,Medium
87456.99864694997,12432.049114305391,747.0230525895174,5000.0,Education,0.14215042028244762,0.11742001510962943,0.12865541111611314,Low
53647.59141234811,5781.893332581563,615.0209381536201,35231.04235093947,Real Estate,0.10777545049768515,0.20728359648473793,0.18792007623425508,Low
72152.41029957413,35013.33651955487,721.4866208939587,26892.668554929507,Business,0.48526911816501755,0.3417775594062647,0.31192990777626345,Medium
77405.91263423797,16773.201611578643,720.5698277245796,21662.87654832602,Education,0.21669147796029686,0.1973527293504783,0.18045966094230506,Low
85288.77668117498,17491.669835449527,622.5868355623691,55702.93293579337,Business,0.2050875920150266,0.2942131316806168,0.26329075643007455,Low
89232.2975617778,33281.941418490576,720.938882187743,14875.989718141716,Education,0.3729808861578246,0.26179340527246286,0.2330742401647301,Low
52507.15816324262,25562.300094006598,756.8965959206276,18953.86016402454,Real Estate,0.4868345762407184,0.3141850334175985,0.28311244854136103,Medium
44317.716585287555,24558.877720816075,623.8727596877793,54873.29953307101,Personal,0.554154853027086,0.4666336398075276,0.4583885188602228,Medium
100553.53643797018,41650.02344901084,634.1248589492868,12519.080427252151,Personal,0.41420744535130355,0.30833310978334894,0.2772117894102946,Medium
81646.28023959184,13564.81769619857,730.8830733421751,16748.27075595192,Business,0.16614128232654904,0.15860845090735187,0.1535587266450486,Low
60030.26926886893,29278.401280812373,693.5747655412824,22794.61864853725,Real Estate,0.48772730219945637,0.34466179467635005,0.315033483376017,Medium
106023.03951045046,20570.131248970843,707.5738137619761,37611.01723194324,Personal,0.19401567191387012,0.22249793615188881,0.19980551766936708,Low
77313.49268585717,22685.922788632568,697.0294608200248,28117.0376102997,Education,0.29342773170021935,0.25693754313422973,0.22876245339288664,Low
98585.94368127652,35284.68426412532,699.5347960464072,5610.619792716061,Personal,0.35790786137016606,0.24328053637178318,0.2169385026488166,Low
76350.36962820218,25078.357562896235,613.6763935844458,17017.471553092157,Business,0.3284641277444822,0.2816753386545034,0.2513127224187691,Low
116214.95849763975,25382.96079049633,732.3658853310724,15889.68350181683,Business,0.2184138868062483,0.1825042332310852,0.16973890306785236,Low
110106.81684886408,30725.07337309802,738.4794996213886,23841.684321654317,Real Estate,0.2790478759845739,0.22656748323981138,0.20307866054043897,Low
70020.71703041853,16350.472704571146,668.5304627965986,31387.654879447437,Business,0.23350907271441027,0.2435779180702417,0.21719119930652456,Low
94431.4190190871,11607.903326609936,677.8261525093069,31273.086338319583,Personal,0.12292416493565209,0.18477549543529806,0.17134532852498888,Low
87907.51899170295,9551.908059789665,603.4446248722139,5000.0,Personal,0.10865860132727907,0.15134884482638758,0.1488998624897966,Low
102372.63115064698,336.4341062399835,705.7127378008918,40959.114813412845,Personal,0.0032863676791202345,0.1344863295366593,0.13852820650409262,Low
55701.53078839791,40562.07129940322,708.6028720857072,28788.532689949352,Personal,0.728203888210769,0.47158387816091596,0.4645394808020469,Medium
88721.02919996879,8967.916342783168,676.8904491500344,45767.98071390859,Real Estate,0.10107994038899543,0.20317342015759687,0.18480398070427848,Low
96168.48973699176,17787.46376414228,736.2176679935251,31662.974909360077,Education,0.18496145476328751,0.19596514732029624,0.179435859669578,Low
39825.21027153771,17231.867001110793,663.296138451003,41519.84436603643,Education,0.43268740789112836,0.3652788732243419,0.33768994979496175,Medium
51334.829746684496,23074.066978091007,708.23029629468,31998.179671751903,Real Estate,0.4494817084609356,0.338773579587614,0.30871533317835836,Medium
34215.35644479799,28157.37212539297,629.0167830653942,45193.386343041224,Business,0.8229454564011692,0.579853577451822,0.5985117494575845,Medium
69611.86331110884,28604.734883597455,678.8223924562881,32833.75954026668,Education,0.41091752932624975,0.3315419099355566,0.30105260808227097,Medium
89350.84511591925,14169.225614310615,671.2822871048583,23531.27130335644,Business,0.15857964852966058,0.18942920671688734,0.17467444890643616,Low
105047.14104192056,18328.782862135886,691.2653961020471,59086.52080670323,Education,0.17448150116547698,0.26143777004248125,0.2327565409189537,Low
76481.8956083955,22825.799504882998,661.5236535583321,38335.55683419838,Business,0.2984470942215688,0.2924157242291816,0.26155126434580955,Low
107572.31091142584,17513.08873816453,673.4263702164166,33606.1663150662,Real Estate,0.16280294240945203,0.21093390846435844,0.19072125358904063,Low
47397.970835702174,36073.455760199926,721.3023585720753,5855.43375192496,Personal,0.7610759516529315,0.43767154030487737,0.4227139231397789,Medium
40932.35121289691,24909.749516382515,658.1617881380892,5675.385738046934,Business,0.6085589705517328,0.383337860938517,0.3581711590276371,Medium
73889.04602206762,27348.777860498176,599.671144963066,29390.7322321278,Personal,0.37013304857570123,0.332199349353377,0.3017447519053793,Medium
82681.30897878614,26628.812686674126,767.479195210271,27182.817966523613,Business,0.32206568831059973,0.24452347001413383,0.21799608382118688,Low
74346.10503811814,31734.738574853247,749.0727039345243,15788.161524875257,Business,0.4268513940115957,0.2806234186668927,0.25032439929720895,Low
33651.15799920247,21810.21558703707,615.386865244719,27114.7404941809,Business,0.648126747601196,0.4610974905849413,0.4515246063452449,Medium
73217.59920974424,7031.680520441534,714.4853902622597,48829.40392065394,Business,0.09603811919997667,0.1935065532310869,0.17763298677745415,Low
48910.609989902936,23996.879517526417,654.8512614724328,35431.03711825448,Business,0.4906272794896713,0.3850517393440154,0.3601435152196622,Medium
88393.45097660077,13486.431062081709,693.1743607665529,7884.8723537089245,Personal,0.15257274054897793,0.14740634059371166,0.1464189711935163,Low
82331.96492193696,14713.833182502432,694.7112064506747,23327.367592855844,Business,0.17871349477026754,0.19081929205884265,0.17567871200672255,Low
56202.40427345289,25863.640187550933,668.2796099841839,12925.502787211588,Personal,0.4601874336498373,0.32008133064021804,0.2891340719009479,Medium
64722.66165326613,32382.830714336356,640.8117167206801,19184.501253871582,Real Estate,0.5003321848507787,0.36236625373759834,0.33444057182329784,Medium
53815.729562220964,20212.715767360616,645.472947384187,18795.765015555357,Education,0.37559122456922134,0.29757316088600827,0.2665623930165445,Low
73746.41805453657,23088.33012598964,634.1904042259379,17835.316260939922,Business,0.3130773091774502,0.2683773797367445,0.2390103135311076,Low
94102.84641002477,37022.14944635238,638.4088895884778,6172.969420399077,Education,0.39342220622147317,0.28373625739089553,0.2532565435897499,Low
55285.47907328913,22407.531794885683,676.6410854975322,23085.17977722715,Personal,0.40530591704163704,0.3100088173114379,0.2788936882263497,Medium
85080.93031035688,46016.83114180395,644.2120005444624,16590.88544729035,Real Estate,0.5408595201526885,0.3762425896022911,0.35005736775456514,Medium
64394.84763255119,25655.09645631544,714.102603285631,5000.0,Real Estate,0.39840293749444255,0.25716525582288097,0.2289633923937841,Low
59142.543354753114,2392.3724084418245,754.3623077667963,55794.58036752495,Real Estate,0.04045095582196596,0.16556911825775183,0.1581371515713855,Low
72859.39280090884,27533.416211045325,650.9973379314979,41331.54481325008,Education,0.37789796418262045,0.3418483053890464,0.31200583375074925,Medium
54295.153551612515,23811.583848827777,691.9702250267688,19355.48912612506,Personal,0.4385581822914026,0.3137652840943859,0.28268668133097197,Medium
63927.013893056355,32897.527540827454,704.9842555151467,25282.285746108977,Business,0.5146107339826916,0.35905196594880606,0.3307621102251294,Medium
51042.44214822303,26731.813512699584,703.6001135459637,7425.1847902365735,Business,0.5237173690685216,0.32837960227498203,0.29773604709994084,Medium
114294.50265832778,18615.440160162263,683.7977633958044,50435.84316716298,Personal,0.16287257678360348,0.24096758764525555,0.2149803599470249,Low
75705.27103943458,7757.017637106343,717.1341209179861,53459.33042159668,Education,0.10246337580729012,0.20504418842284328,0.1862173072414882,Low
61005.489840148286,17909.767427139748,704.1124476340328,27350.40592369787,Business,0.29357632360740693,0.2529786980155582,0.22528891695747036,Low
79279.59821468443,11494.795457907,618.1168788836351,40352.959662780166,Personal,0.14499058669267947,0.2350423142423818,0.21002272687282925,Low
72753.4390061834,14194.765501952774,723.4578032194637,27629.301684008857,Business,0.1951078285212929,0.1974744694335593,0.1805497015748372,Low
70580.60800933554,25885.784044206095,724.3645418633371,5000.0,Real Estate,0.3667549030008673,0.23771937790160882,0.2122521476834393,Low
87283.3340008685,36699.04504351407,641.8356947910709,18822.64946554514,Business,0.42045879048512164,0.3213444489532731,0.2904338772387164,Medium
90150.1542009461,23946.71529822981,681.8968917723801,26978.919501579356,Education,0.2656314402397162,0.2461040679092356,0.2193463386494087,Low
64389.97704778945,8041.169379648156,714.1664496405534,18181.784218848337,Personal,0.12488231473789933,0.14674597887468632,0.14600679122624957,Low
63483.635187106396,24446.02668220141,669.534309021032,21720.200838474462,Education,0.3850760374725111,0.29967219369989906,0.2686192902851527,Low
69498.96605696713,31966.31486645651,733.6489023883006,23629.006637363284,Personal,0.45995381917270917,0.31830001613579856,0.287306898206885,Medium
28961.576705288302,13902.170956806178,798.193624730968,23786.82253201808,Real Estate,0.4800212052773936,0.3058688507388619,0.27474981735849696,Medium
44696.17875602895,18659.828333270823,640.7006983682509,25783.877357462246,Personal,0.4174815130198093,0.33417885297721117,0.30383419097960684,Medium
102337.48534889049,20146.88194729197,610.9477698423112,9090.924004050987,Business,0.19686708031379624,0.20098676351477257,0.18316253849239314,Low
107899.35427002568,12151.0168691776,695.1909297802438,14244.757763080957,Business,0.11261436133129055,0.13943519156348586,0.14150764368263127,Low
70019.27920887244,26482.80433843859,716.0781252563072,5731.23601450046,Real Estate,0.3782216075009644,0.2478398198066688,0.2208360523896027,Low
86531.13926111533,18790.518513922183,668.4566813077615,39667.233245293006,Personal,0.21715325458988977,0.2519852062651445,0.22442311067498247,Low
81225.00309087073,24195.32443907028,752.6630331660517,5000.0,Real Estate,0.2978802526113995,0.1932943498941521,0.17747804699098418,Low
136577.61616910476,11125.078221979,613.0697100138376,42303.85514975389,Business,0.08145608727131676,0.20895820922439995,0.18920119717531453,Low
97391.49822869153,15625.416996765896,714.6459311515805,45795.24095894265,Education,0.16043923012740602,0.2195821212810305,0.19748476555905603,Low
72441.64817038467,27223.813578277714,649.7069589620553,20467.29119526068,Real Estate,0.3758033433232577,0.2995279155949543,0.2684775874207753,Low
55889.191187991484,16271.668479082331,765.9688953103648,5000.0,Education,0.2911415988173847,0.18522883635797538,0.1716674088886465,Low
42871.07359484855,37269.63851233405,779.625767658406,19580.341570490644,Education,0.8693423184254575,0.4986698067095668,0.4983372645162618,Medium
79069.27271734446,16003.638143853976,641.6671706108326,24037.237580667712,Personal,0.20240021937552807,0.22280381875115854,0.20005015749633218,Low
59872.98509431393,22246.84725751886,652.522143204571,9841.0267010663,Real Estate,0.3715673641872855,0.2751638026000444,0.24523657720074266,Low
46554.925808046515,29325.9083187309,722.9793943489901,17271.724092876357,Education,0.6299206326661622,0.39433456651330784,0.37090713410807163,Medium
62068.54231514947,5816.342670669683,660.6434675105243,47952.92798295027,Education,0.0937083819551865,0.20959176429272053,0.18968762541545525,Low
53369.0399277121,2391.9118801922414,677.7294391033881,34973.90743452612,Personal,0.044818341934426124,0.1531583602703636,0.15005009612190578,Low
108742.83270145129,4743.436854299052,681.2694210271205,11131.5382843285,Personal,0.04362068502778433,0.10362538813180075,0.1211193102661022,Low
92632.79513898901,32625.84103427182,584.0163421901171,5000.0,Business,0.3522061596578084,0.27997966493827464,0.24972084399931122,Low
74840.54717366766,14481.418541075533,679.3081126952882,20094.740235853435,Education,0.19349696238151987,0.19718215718177687,0.18033356233730807,Low
104598.88277780052,45581.992856682526,645.5136112967913,21798.148309743425,Business,0.43577896480512496,0.3336574456231818,0.30328303541267965,Medium
76547.36615295237,14357.524013426115,655.3438588800115,32442.987810449744,Education,0.1875639193742835,0.22737010276215486,0.20372890504269697,Low
57774.31597343473,21845.51303197037,752.1816001734408,16970.249311485117,Business,0.3781180731246594,0.2575236763005561,0.22927992230117597,Low
105462.48154539315,35421.09952567876,617.1746552860371,32672.49363042792,Personal,0.3358644610541694,0.31545086886345686,0.28439877849934,Medium
85778.20087369317,40060.92888159123,720.6602593373989,54027.31060090344,Real Estate,0.46702925071347917,0.3872185667924057,0.36264389976483935,Medium
54255.07691347087,40615.03576636397,666.0518534834096,37232.51533666394,Personal,0.7485941975741585,0.5136850047015566,0.5170995847325462,Medium
71193.22643832784,32083.662305931422,666.0119915752083,24278.67239003841,Business,0.4506561074841068,0.33882234267205674,0.3087673682971468,Medium
57487.634932304856,30240.625258114625,719.5185948025855,22252.742934200578,Business,0.526037038986293,0.35357626601945863,0.324729972189143,Medium
47344.00538071328,25925.26949201183,697.0025647284446,19649.90298730193,Real Estate,0.547593497498484,0.3670956495255713,0.33972459528016447,Medium
93523.55095063282,27783.61076166638,708.5306498609765,42709.61368678217,Education,0.29707608916958456,0.28388763083095314,0.25339970727795935,Low
113188.33280940261,14488.142836714665,728.409233026643,15590.298310730457,Business,0.1280003201488195,0.13809514503940842,0.14069563125624954,Low
47028.64852361717,11818.011165776928,663.4345808408339,25678.34063499974,Business,0.2512938716459623,0.24285023561974514,0.21657323598120262,Low
86259.38473381141,19966.25542589048,649.3881632746125,25767.96852821628,Business,0.2314676308845063,0.23807393016646955,0.21254870665669268,Low
61987.14861756346,18298.153774750717,625.7424736721101,17473.237107827023,Real Estate,0.2951927001456897,0.26169253946304827,0.23298410316144344,Low
65257.49232470608,15467.719506727248,638.7294735010522,5000.0,Personal,0.23702595603526228,0.20307904619373035,0.18473290339537388,Low
63152.121515222614,26963.874474567154,827.4547212654363,29844.617554265024,Business,0.42696704129041174,0.28112991295417017,0.2507999486249398,Low
57720.18460640368,29553.05208570511,742.2339790368393,24084.940422169246,Real Estate,0.5120055018401031,0.34220769798668205,0.312391696827376,Medium
75970.43255889654,20884.068862918473,612.4462816895989,32503.60704154855,Business,0.2748973272822683,0.28629836653966695,0.25568689300928377,Low
58380.997671779245,34775.30081055262,613.8771021628215,16995.995403412497,Education,0.5956612972950722,0.4151601328086594,0.3955123238840604,Medium
80409.13651559678,8583.10885866495,704.0933030859246,43312.319482195715,Real Estate,0.1067429552237525,0.191492597840059,0.1761667706736344,Low
73995.23781101726,18063.40540720282,707.3632398688983,11848.393281822327,Business,0.2441157828742505,0.19609706392939402,0.17953299630976344,Low
70221.0390626718,12831.77679397195,707.4441917658683,50680.60426026839,Real Estate,0.18273407749662715,0.24304206193972042,0.21673601537710094,Low
56848.72675916804,1334.6338292694018,667.2522103223151,5000.0,Business,0.023476934407403668,0.08623768708994356,0.11216533349741728,Low
63464.57338863335,19173.193141573007,673.727286999855,31521.550968353367,Personal,0.3021085956753153,0.2763112984802979,0.24630011103362742,Low
90107.82451651512,18782.524916167164,696.3939762079679,32131.46023789935,Business,0.2084449937277608,0.22269930808980812,0.1999665463496826,Low
85018.34375248762,35134.49743242131,684.2946503146666,13066.643980886765,Real Estate,0.4132578439155171,0.2912464509849439,0.26042365946823287,Low
55448.89510402898,26308.116845547775,569.0349813626233,31365.90906791519,Education,0.4744570075957419,0.39912444615865783,0.37651242966323034,Medium
76986.64610858452,9758.131756707951,668.5100184712403,44192.78004640238,Education,0.12675096591355284,0.21581633064796696,0.19451765616038774,Low
90027.74246743578,38540.925663341885,637.4296782869843,5000.0,Education,0.42810054553220245,0.2990750921942244,0.2680331539494255,Low
41611.894377572564,32210.33695525353,688.7605709454256,32541.17211236222,Business,0.7740656232323284,0.509023189624856,0.5112770742703736,Medium
85867.2038475987,25820.97703468616,829.2629501301706,5000.0,Personal,0.30070825504594845,0.1676730863005611,0.15954269758268266,Low
61747.52482108307,17735.15901150168,698.3740832737152,10515.027947151879,Business,0.2872205657294005,0.21815536819181042,0.19635661349285388,Low
86411.97337186319,10405.607632765203,664.3235156913801,49437.49547351418,Education,0.1204185858363165,0.22461716067999365,0.20150505057432488,Low
59734.81686914966,16277.93223928947,726.0900750988626,16273.26949911919,Real Estate,0.27250325844216805,0.21253108289031208,0.19195689154223977,Low
38902.35798670962,30887.48619704186,704.1343943604606,7391.800533865411,Education,0.793974653351195,0.4632529062043422,0.4541949203923212,Medium
42449.151242336746,38845.86305934609,701.004724522592,22030.934065229772,Real Estate,0.9151151889369956,0.5542060304145131,0.5673457882967924,Medium
75961.69893322764,35432.43528272189,710.3425296607835,56018.59507245328,Personal,0.4664513271861908,0.3945537256224313,0.3711628577456676,Medium
80194.45003442964,15111.50578213726,782.8271782414771,5000.0,Real Estate,0.18843580541607907,0.12792595744634175,0.1346599064758287,Low
56913.667497911825,8803.825667109888,623.4555782337043,9230.351325409832,Business,0.1546873721928551,0.17576124348829275,0.1650402987807346,Low
87771.84917554748,21408.86246911204,703.6816038405727,47461.4752476944,Business,0.2439149074584653,0.2685221911044193,0.2391420330482781,Low
41769.598754620805,2315.6063443714847,633.680943500923,52865.53515306598,Business,0.05543760087269975,0.20979777303627373,0.18984600016039152,Low
73678.40402705366,23231.677141847817,707.7756323171125,23448.53163564574,Real Estate,0.3153118942874696,0.25474984606781015,0.22683830231421273,Low
50779.676004750865,18523.974137013312,634.0656744256953,6414.209462100363,Business,0.36479110530914455,0.2714360864873511,0.24180306118231223,Low
61963.27784395682,15339.634981317577,659.1316593197458,56437.65252713738,Business,0.24756009551250083,0.3040206495212031,0.2729122707210676,Medium
75947.97342632827,4052.9693273320463,665.2455042881047,48916.63587623795,Business,0.053365075386291164,0.18972327852040807,0.17488652209974764,Low
57791.73269432095,25136.001065697164,728.7908359672355,35184.20481643349,Personal,0.43494112209179736,0.3306186756315061,0.30008216652268827,Medium
67308.8891154035,14672.991603380886,725.9227221971207,12813.9647659387,Real Estate,0.21799485619534617,0.1784173380305667,0.1668785246513364,Low
95125.85618428882,8300.83164289712,617.7141311776808,24264.55988742945,Real Estate,0.08726157088999849,0.17414315303950023,0.16392843747390531,Low
63462.16260953702,0.0,682.7467055499924,22594.59878432754,Education,0.0,0.10421977208042246,0.12143602579732847,Low
91713.84224130283,19724.850949493637,644.5210072625414,29962.769569233667,Real Estate,0.2150695082384266,0.23998229069443072,0.21415011509897375,Low
52405.86290684764,37722.515966697436,617.0747544662332,46765.02157197004,Personal,0.7198148045715779,0.5356463556181172,0.544440363612904,Medium
85596.08355830566,36612.5921454787,669.1491474787815,38191.25561706105,Real Estate,0.42773676812607003,0.3540806079517048,0.32528317794889183,Medium
103831.37241315801,15429.03743413728,664.575860577209,8839.358845228626,Personal,0.14859706729814967,0.15742106525345834,0.1527886401193443,Low
25567.109997454216,13977.879396382195,801.3358243172761,45647.446750293064,Personal,0.5467133124461079,0.381827141141072,0.3564365696426342,Medium
59062.094890590466,24687.742560750237,701.6479912680348,29696.98210019733,Real Estate,0.4179963918733839,0.3207516926307214,0.2898234746501599,Medium
86541.4425436108,10016.145608117085,611.1191249622882,35305.98693788375,Education,0.11573814017566962,0.2127919410357359,0.19215928063761367,Low
70939.09227914014,23017.91899819466,651.7612997914529,46998.11288917904,Business,0.3244743942820812,0.32620002299300355,0.2954624477273809,Medium
82422.91746742617,27660.802783846902,731.0691647714699,8326.296257296734,Business,0.3355960166634304,0.22642618975049578,0.2029643514437526,Low
62920.29626568359,32269.332238843075,784.4221386434963,24462.616319403056,Real Estate,0.512860462426694,0.32850059138974264,0.29786255021738384,Medium
76731.795749458,18998.459235200473,600.7008343881021,17028.181729611773,Real Estate,0.24759565509496978,0.24584213181090772,0.21912215987832345,Low
71886.45529215841,17963.262498230342,586.0037807430477,5000.0,Personal,0.24988382617037772,0.22811704929352497,0.2043354366335543,Low
98355.64123319615,11220.17413243439,773.5482587685891,30200.649664073797,Real Estate,0.11407758611254372,0.14442305987785858,0.14456452728442118,Low
80088.41686602426,11731.1964596014,699.4807088685452,62673.34827376635,Personal,0.14647806660014154,0.25171018554105806,0.22418385444731323,Low
81752.05324150404,17735.211080984733,636.5853634061817,5000.0,Education,0.21693902939162985,0.19379232761128024,0.1778418118365785,Low
66762.46067755065,23673.65506816178,706.7314543061218,24515.790834257947,Real Estate,0.3545953044256533,0.27689460294977014,0.24684192415960102,Low
65247.87551855013,29135.846262332496,548.2126130491561,34608.144026121605,Business,0.44654091847096394,0.3989999426821407,0.3763663044350482,Medium
66348.83624360758,11968.210493196551,680.168775329858,26846.173024842716,Business,0.18038312607705512,0.2038243413247337,0.18529479491883036,Low
82889.04284756594,34926.88568959522,696.3910586421542,23303.079212263896,Real Estate,0.4213691519375634,0.3115056548725492,0.28040133601601197,Medium
66580.31038359474,17288.763989574312,726.2135069768915,5511.754548312638,Personal,0.2596678190589245,0.1845467691048317,0.17118300974573553,Low
80795.49713792827,19786.327056515638,629.3052023853731,28491.801144102454,Business,0.2448939329222499,0.25732285026037466,0.2291025300480984,Low
116508.01597290878,12527.883208521765,684.284358070168,13648.540344761104,Personal,0.10752807953947849,0.13954899408155513,0.14157678327196885,Low
92422.49406863385,0.0,633.7287686970207,5000.0,Real Estate,0.0,0.08633102281281624,0.11221181575940768,Low
68479.52935664318,28840.453963610496,692.7691877837159,42918.88330770596,Real Estate,0.4211543834276176,0.35190818617026215,0.32290376613604704,Medium
99024.27844327889,27368.438970924333,635.2326838818487,39375.78729763064,Business,0.2763810996774996,0.2927423536521821,0.2618668167861678,Low
66838.49253956898,17186.724428817866,659.594958041989,25774.914652766198,Real Estate,0.2571381216990071,0.24732066966962807,0.2203897317560072,Low
34237.50929644292,20669.90717224872,630.2092302604885,28436.12032308554,Education,0.6037211116404488,0.43630600931563485,0.4210486771167277,Medium
54838.27378165192,25159.392177040994,712.5568120911828,41114.77019073342,Education,0.45879256296829235,0.3601351823040191,0.3319621031491742,Medium
37584.16157948288,4374.541431134574,722.9225558328333,28365.094851671238,Business,0.11639321584660883,0.15977766027388218,0.1543201266205422,Low
67969.73031917383,14709.473226537051,668.2689715021293,38560.26332141971,Education,0.216412116944763,0.2494669481144694,0.2222391106675974,Low
75368.36758379103,27942.646796218272,681.9118997480014,20537.766986892246,Personal,0.3707476716296521,0.2857745816422571,0.25518880157657814,Low
108528.74624550565,7457.105768307505,607.5704292683228,44679.7560786092,Business,0.06871088099957035,0.20927833056230144,0.18944685896673438,Low
81538.54747528325,22935.579321666293,665.0161675996607,29811.785888990256,Business,0.28128511031691783,0.26555453837185333,0.23645262384861404,Low
70617.98942382271,6434.18195376595,677.4897691479127,27910.77915408811,Personal,0.09111250555648648,0.1622637749165679,0.15594936371364368,Low
91588.11162366979,24664.299824335263,811.0396545514988,5949.08366931952,Education,0.26929586588354865,0.16029681043870792,0.15465919023640268,Low
30777.2938198423,19643.585177025165,624.4016487112918,29304.337814525632,Education,0.6382492655790559,0.45735625593224094,0.44689635179887366,Medium
79712.29116217131,3848.681840944906,753.2088619376219,12520.676237583233,Education,0.04828216307463706,0.08334401215214784,0.11073257562610898,Low
90417.30387773934,31647.393544571714,729.8429386732904,15425.759102072587,Business,0.35001478906476524,0.2482672873224253,0.2212040381279037,Low
45428.27508440317,12654.084232019508,694.0318202245069,12769.365575258184,Business,0.278550841045779,0.21986174453534463,0.19770643908437377,Low
97875.08086413858,11897.47562985619,767.9310242097566,9006.476021511624,Education,0.12155776041065243,0.10775735311549418,0.12333580774372108,Low
81769.92814988828,22005.69197230943,698.6052736303432,56871.57104525442,Real Estate,0.2691171738829453,0.30173516186833094,0.27065060455940576,Medium
66694.24172198397,31486.373494287152,699.4579597833964,44970.08592982605,Education,0.4721003295237783,0.3791228214038719,0.3533409127969177,Medium
87655.6373221257,9841.78181021603,677.3439673491227,53805.51253216392,Personal,0.11227779651009173,0.22468734660791861,0.2015615213366342,Low
120413.85715608792,20616.798498479715,741.1784441209313,6656.574706666543,Business,0.1712161622042797,0.13732883847279131,0.1402330349327982,Low
78637.3251011699,24288.16500330573,734.8234616905441,26068.806248663386,Personal,0.3088630618101275,0.24721968633513963,0.2203029901817624,Low
79964.41172600671,26931.05607263144,648.7161356251894,5597.385621938563,Personal,0.33678802221304516,0.25063014624739166,0.223246021970015,Low
65812.78200919511,21764.41555277225,614.0376402700616,14564.57684204404,Business,0.3307019531514624,0.2777609631056799,0.24764813638121524,Low
58003.112610704164,16329.721609166776,669.8509681302171,11228.095248751377,Real Estate,0.2815318156935118,0.2268041095924173,0.20327020315128044,Low
91606.71633088491,11724.097793512803,639.9980717801177,43593.760096623424,Education,0.12798294997459767,0.22529732278756298,0.20205279909723078,Low
57878.323481822656,20861.438830463747,676.8237712692322,19056.554828473603,Personal,0.3604361283376758,0.27945219573076197,0.2492270361735894,Low
76431.32474438785,9278.609880143931,741.871906734207,41025.690005410244,Business,0.12139799893793199,0.18091323592653696,0.1686207693293523,Low
65446.851064697665,0.0,657.1349172456605,34061.81334382777,Personal,0.0,0.1361936558950695,0.1395500993872399,Low
84579.59651492783,24365.59804157668,677.8588309344212,59554.58128157183,Education,0.2880789108195413,0.3239043247019421,0.29307865735334504,Medium
81673.24210573896,29039.348410861952,682.9011367404198,5000.0,Real Estate,0.3555552303564234,0.2467536845639459,0.21990302636885756,Low
95750.79888515799,0.0,722.4215441102642,43888.49859680198,Real Estate,0.0,0.13280468750762836,0.13752783268422134,Low
64799.672022905055,9902.692952900625,567.6555333007698,42196.613056010916,Real Estate,0.15282010917277902,0.2604542689451985,0.23187952251794403,Low
69602.50129413257,26191.542610051976,649.6649852617352,10399.317429594481,Business,0.3763017438032777,0.27965598255080365,0.2494177406215078,Low
55424.72568435385,40574.95469711699,690.5641846139737,40107.00004709739,Business,0.7320731712447811,0.502522049970477,0.5031525206874736,Medium
66114.13479847777,20207.93707675408,740.0039478213431,30042.174445393433,Real Estate,0.30565229566037294,0.2517326327840287,0.22420337578621324,Low
82546.00986089704,12719.970587708656,655.4048776246898,21587.856100698882,Education,0.15409552332261486,0.18890410528928528,0.1742962704068622,Low
90139.77233290704,18171.0355889516,586.1723646979062,12640.967695420006,Education,0.20158732509154514,0.21919123392558681,0.19717520068708622,Low
56556.69351644749,33748.76419148185,710.9855722983068,14213.358228262212,Business,0.5967244917114405,0.37585287797166583,0.34961416687691116,Medium
92392.1184021132,13540.358208754647,648.2318805587186,55747.18143678889,Real Estate,0.14655317404698615,0.2559832273469349,0.2279216925330031,Low
102112.75717609902,12008.079933497465,620.5166670454819,25010.24228436224,Education,0.11759627558375371,0.1898127398739607,0.17495107840200558,Low
83268.69806447401,15172.564778179676,648.7827305143388,36731.95002297188,Education,0.1822121052791258,0.2355878125039753,0.21047561154255254,Low
112535.91625116131,10466.713917412877,670.7737321172075,13136.509274986704,Education,0.0930077637974078,0.1360332302896629,0.13945381101195445,Low
59524.21601792854,21226.703159947956,649.7627667730893,13302.205806675418,Business,0.3566061777874492,0.27557946517539683,0.24562146741873828,Low
50106.90593377166,36246.784584695604,569.7216971450465,41229.77213874913,Real Estate,0.7233890001630605,0.5430757983078356,0.553637562584562,Medium
39425.59502191443,23230.79273116029,724.8533098443567,5000.0,Personal,0.5892312523944819,0.3487850462521739,0.3194990823882105,Medium
104920.88622978366,17476.464978737124,743.7437520639361,18771.793481420926,Real Estate,0.16656802669834977,0.15832980546592165,0.15337772453418472,Low
88087.31312708116,17081.88731084456,712.5760995669752,25510.411166083482,Real Estate,0.19391994947332525,0.1964833501628383,0.1798176739736837,Low
73888.3065817909,4368.09191303343,623.1157164787592,26670.589027600785,Business,0.05911749930549777,0.16297673365662368,0.15641917021866483,Low
80599.3725263964,28831.097771471592,669.9254233026242,22313.600724757656,Education,0.3577087124596332,0.2870372906313469,0.2563906547599809,Low
52490.21905403247,19221.62802987198,679.6739342385271,30937.296716438846,Education,0.3661944715849936,0.3050869112588355,0.2739714483163665,Medium
123915.03959233653,18195.200864093742,709.9397194780955,35392.836337267174,Business,0.14683609773239353,0.1936367617249327,0.17772811070229524,Low
77584.42363950454,51931.07567844861,713.4170244359041,36019.56318188995,Business,0.669349248758307,0.45491950682437904,0.4438867579861467,Medium
77187.89589209786,22987.529083656864,643.2913100610753,10212.9428699826,Business,0.2978126145035937,0.2422882012055002,0.2160968159105039,Low
89515.33247797383,12482.089499048157,684.099777820678,20737.67353106804,Business,0.13944079917392369,0.1697487662417998,0.16093924704235932,Low
84620.18463473427,15736.424037944567,702.8640202307621,42921.442928154065,Business,0.1859653710975856,0.2307559172060084,0.2064889748188753,Low
79477.68048558263,31484.457091967546,752.7911161073383,38419.70781360808,Personal,0.39614212316725667,0.3092194950553133,0.2781006703759297,Medium
59190.51089109376,21132.704105377645,715.2253269912362,5000.0,Real Estate,0.3570285808862215,0.2360818220932627,0.21088636685079865,Low
84429.36714271992,5617.220216826334,719.4528343687759,30272.198505283024,Real Estate,0.06653159210978037,0.1398856632882412,0.14178148848553968,Low
112640.48992950068,29192.289345752033,684.1913313964681,5000.0,Real Estate,0.2591633733484547,0.1981023932401798,0.18101467890978612,Low
101908.40092309956,13318.55914461006,750.5229572601752,25704.023530905546,Education,0.13069147414706558,0.15186332863175264,0.14922615631308422,Low
106863.73253278794,38732.977762175455,700.4881397979749,53466.50525118965,Personal,0.3624520390984041,0.3409279218875902,0.31101885006682545,Medium
64775.6864713763,30800.480657146487,636.9456044913214,10781.609240965206,Real Estate,0.47549446922120847,0.3345061220955977,0.30418042018317276,Medium
55207.903594828385,15526.781043412488,750.1684985062595,12485.15431762627,Education,0.2812419967503885,0.20082595459647284,0.1830422727907401,Low
72484.26159800704,32810.16361735113,714.8951636269513,36460.44672359289,Personal,0.4526522433147508,0.3469310750009313,0.31748701666096285,Medium
76114.4982457739,20678.555105274034,657.8477989435759,5000.0,Personal,0.27167695487531074,0.2136569013399227,0.19283153122566316,Low
96883.83036941897,28527.736751222197,656.0253516300378,15508.674551724414,Education,0.29445302319742794,0.24670550130332594,0.21986170100535968,Low
41150.707405703615,24847.328172944748,694.828777257038,33946.61706372629,Personal,0.6038129047934868,0.4245660004334767,0.40680964009993364,Medium
105591.00638921227,11536.433450091265,703.1592397633792,15485.712284658954,Education,0.10925583384978407,0.13742549216595845,0.14029131164620362,Low
71839.84202842021,13564.50167682538,689.8646132815603,21460.450191835425,Real Estate,0.18881586169773582,0.1938472030155175,0.17788193317247128,Low
66462.3786010516,30299.608175811612,695.5654336721442,36162.78565472552,Education,0.4558911193607536,0.35477744851730636,0.32604833500659514,Medium
54757.91249479665,16652.246678934593,764.9978687288191,31323.19125304842,Personal,0.3041066746384272,0.2447004720386684,0.21814699250548658,Low
41902.86656268461,15963.515367580032,733.5771576117443,29002.27594443103,Real Estate,0.38096475675952635,0.2895773452291861,0.25881950076259147,Low
91463.41167923828,10448.77420650647,689.5317795632512,19913.16581094942,Real Estate,0.11423993501521973,0.1535821416365965,0.15032053147154137,Low
76466.35934376808,24235.990655934613,727.0655290383742,30550.916729034332,Business,0.3169497131016454,0.26296532681887697,0.23412328658077636,Low
49200.782005178924,40625.24919243145,628.373804823623,23144.009798503652,Business,0.8257033229300136,0.5373606911242649,0.5465655318469885,Medium
49098.42455872768,9324.670857457271,699.8963524973404,31867.08414888677,Personal,0.18991792386950893,0.21167088817464313,0.1912906536405272,Low
68284.30601419744,20242.19456672758,770.4653174866555,17546.019623230328,Education,0.2964399251933364,0.21138306625960337,0.19106812439181914,Low
108380.43050578787,34122.205554154294,669.0977052303813,22261.465384306885,Education,0.31483733174811535,0.2657894653848898,0.23666476137682763,Low
69808.1729727279,19203.586087542848,637.6183035690458,10150.633111719791,Personal,0.2750907991109458,0.23280491157807282,0.2081726747317679,Low
44937.14093763787,24523.71796249734,647.3955555703469,24474.885849906463,Real Estate,0.5457338284278135,0.39332413688889134,0.36972906180461124,Medium
70085.13871828112,9376.064718531203,625.5183481328805,12834.987045567328,Personal,0.13378106814084875,0.17178932646760123,0.16232178162460856,Low
69545.5286050466,24283.070972076486,640.7619045936149,8289.3032475701,Personal,0.3491679689427852,0.26501133052172754,0.2359626136233005,Low
21062.267141168566,18128.557349954513,661.4745950704986,28879.91721783082,Real Estate,0.8607125352863944,0.5546544802892711,0.5678960976880416,Medium
73914.10266964376,29857.29995679863,609.7216490410678,28191.096637864906,Education,0.40394591665740276,0.3431592754722896,0.31341461706185475,Medium
70381.30939582644,31873.86051564751,680.7809166974802,36743.10602422859,Personal,0.4528739347031473,0.35964756174209667,0.3314216431999104,Medium
88924.12729626837,45895.63642018614,725.1138586893323,18533.116456373515,Education,0.5161213026839805,0.33920434589379644,0.30917517201847217,Medium
111979.1218989069,25796.331732135757,634.612190992654,31120.792702551335,Personal,0.23036733361263811,0.2534444789198968,0.2256956495959415,Low
97531.30059095514,23257.963165821664,755.9641961820885,33261.963584104946,Real Estate,0.23846665660048177,0.21894636269830192,0.1969814604675934,Low
69622.22618890338,21943.84301577336,705.5396044263797,31671.607117473923,Real Estate,0.3151844492336966,0.2719214608189563,0.24224826885134312,Low
52869.48182516659,16468.33707189312,731.5290292812028,12615.194757967867,Business,0.3114904194891119,0.22278888304359656,0.20003820695075294,Low
126467.1960649972,23384.83843461691,647.1082723073931,27240.452234067834,Real Estate,0.18490833324555078,0.21854391615888993,0.1966633600401536,Low
76184.36868028977,17045.985898609706,722.7262613533308,30462.10444081992,Business,0.2237465006784233,0.2177176022726171,0.19601144420940425,Low
75278.58583825892,21684.609762696142,625.4033049802343,25107.67700361913,Personal,0.28805814457363715,0.27351384806573886,0.2437127918347939,Low
74517.49825779993,33175.975356079594,724.5123750418254,5000.0,Education,0.44521053620593043,0.2768950180882033,0.2468423100537864,Low
78961.6952153571,9934.574347203588,688.5919669896765,27407.3443596022,Real Estate,0.12581510972007898,0.174689784641711,0.16430337708061732,Low
72112.79176152115,31398.785611290456,707.6625609992392,58187.96559095863,Real Estate,0.43541214872289297,0.38431874872010285,0.359299396435629,Medium
63526.75986239527,33171.15067339865,621.2202697187574,19599.410968645258,Real Estate,0.522160279309859,0.3810247487503056,0.3555167985248899,Medium
64062.821175192155,18819.314730089212,635.2465078861698,14078.843532170182,Personal,0.2937634400867886,0.2508347572655571,0.22342347735350282,Low
74344.93459568004,0.0,709.8614109126693,30600.228395670973,Business,0.0,0.11066113529275279,0.12491425613484958,Low
64131.5045773247,13921.780129055674,632.5825997887899,29685.673156998575,Personal,0.21708176380408933,0.244647781231763,0.2181020614164873,Low
60743.084346456715,32969.94546561109,703.1603146049562,42891.027481246216,Education,0.5427769402943449,0.4089962964255627,0.38816823311199006,Medium
77128.60455383794,19771.31937701118,611.6431096769877,6131.977661366684,Personal,0.256342241524806,0.22456103737561126,0.20145990294321056,Low
69900.45565158289,10006.977677050892,722.4087106333334,35970.70378862489,Education,0.14316040694971185,0.1885538308285763,0.1740443617782655,Low
105079.85977165378,14952.250787717825,618.3738342615745,33856.33091877195,Real Estate,0.1422941638884003,0.2206101552188354,0.19830066986955777,Low
21980.603832139757,28406.200265045532,707.6149968839761,22867.80194589181,Education,1.292330296382047,0.742154282594345,0.7704354132226384,High
96830.13703844923,25467.335682013792,711.2815466823,30080.30976882535,Education,0.26301042692835647,0.24062528711395834,0.21469166114799207,Low
99921.70384995258,17610.679008303057,645.1614090785213,40441.86222397536,Business,0.17624478296274984,0.2413020891957299,0.21526275326922523,Low
33532.195351837014,16331.755881853125,709.1013283542363,38084.73070042676,Education,0.48704702183951737,0.36942191525441115,0.34233848286436513,Medium
68146.24811839302,16082.418509561781,693.0221131666779,7854.710318894071,Education,0.2359985905844911,0.18911267598885328,0.17444640581926982,Low
67571.18268008417,10775.898155014975,653.057907190363,37302.37280133227,Personal,0.1594747602100362,0.2238510996404957,0.2008894561154676,Low
46849.766105643575,36153.756894694416,629.5722657961896,24029.670924512222,Real Estate,0.7716955686218313,0.511705149996579,0.5146272625484553,Medium
59443.66624818249,16776.7953078866,581.8687154163711,26093.111470232732,Personal,0.2822301578412411,0.28793587289060213,0.25724818559590146,Low
52788.483090683425,32171.585208254965,697.4825023649847,26097.95486502542,Personal,0.6094432596782249,0.4107472446168157,0.3902494528904734,Medium
110045.40886847246,35213.16051922451,601.7598614318972,22746.3551680261,Real Estate,0.3199875476978025,0.2931006507384015,0.2622132453377802,Low
93713.56786294922,29983.108981479603,684.7672099720654,42875.61245660597,Real Estate,0.31994416246458784,0.3040407614494828,0.2729322253433465,Medium
100431.10189988317,15683.796872819516,666.8275891958875,23744.23060226182,Education,0.15616473956896573,0.19021991715516384,0.17524513925469973,Low
89433.4412808647,24037.300903366093,713.9571387719097,8206.808074252469,Education,0.2687730736859071,0.19881528048372565,0.1815437016912467,Low
52418.96457565542,19758.04393609084,664.8977250255068,19097.052160454066,Business,0.3769254905364333,0.29198706428600474,0.2611375143348372,Low
64509.59467440453,10962.981392698719,663.5276106826454,27680.420752157133,Personal,0.16994342388960165,0.20614633791406373,0.18705385265319957,Low
84787.49122455835,23243.59281721603,716.5935352144148,43438.22176445575,Real Estate,0.27413940997093234,0.2710307831445842,0.24143172550140837,Low
50557.44382216109,8209.602088401974,696.7529014542059,34046.4202742325,Education,0.16238166860808378,0.20337088610396364,0.18495276967057817,Low
89259.96860344776,31876.79388461564,695.8077978591389,12241.970818794342,Real Estate,0.35712306853068243,0.2574662531291162,0.22922918981811516,Low
70193.4920368373,15353.827027016068,703.4633794904263,62277.84875018337,Education,0.21873576283907395,0.2856423861585768,0.25506319159633617,Low
67503.58384900805,22011.596558728394,603.2213938396447,28971.629664669694,Business,0.32608041386312037,0.3080817978469073,0.27696008880619827,Medium
89219.19936406983,22832.878715461422,717.8394339993491,44130.86106998522,Business,0.25591889277429036,0.26286607417440416,0.23403431357550344,Low
83885.2662297208,17410.950262959228,710.6234397006801,22724.283496341563,Real Estate,0.20755671461158784,0.19841865146294288,0.18124922098806756,Low
67780.6766836184,25866.938014752748,629.1658435711752,33000.38867058174,Business,0.38162702528764236,0.33475575695986404,0.3044446666869401,Medium
98186.59606728496,15250.963433774756,667.79597631629,37592.02756777607,Real Estate,0.15532632807968647,0.21715452165199894,0.19556814183068105,Low
53378.73344800205,28712.97297457244,678.0346356186185,43272.920676313835,Education,0.5379103459347284,0.41619467233695007,0.3967496904823013,Medium
87318.71213888528,6540.203197532515,673.2751607799133,40860.52458067337,Personal,0.0749003625606612,0.1815447031075903,0.1690638525401195,Low
86862.02515936768,21263.795795464117,696.6929983284267,38082.95500109467,Business,0.24479967806933997,0.2526741025680029,0.22502321713559784,Low
68809.07121372019,39389.28999058285,751.5683390915592,20273.69903208837,Education,0.5724432737689507,0.36150962115163116,0.3334878593044296,Medium
81522.66044484236,9996.686753944252,734.0883363836415,16423.80937065908,Personal,0.12262463834467151,0.13506993683707458,0.13887680701225213,Low
49977.72847229394,13222.550294751485,614.3890403284297,29989.11265486296,Personal,0.26456885294580057,0.27541946107847454,0.2454732605425784,Low
93480.54038413802,25139.07849658915,711.1034995153025,38996.92108511604,Personal,0.26892311911426225,0.26147769601607995,0.23279219290905742,Low
71301.95727114021,21795.81781939598,746.4466659767704,21659.189488350894,Education,0.30568330314570386,0.23270826608716416,0.2080930322912257,Low
64545.539589619206,23506.300992735592,699.3404260344602,40977.579485715796,Education,0.3641816482159534,0.3172199503613635,0.2862023893236607,Medium
95980.18451673779,24891.871301476636,734.5490212592983,46789.25118229269,Real Estate,0.259343857555679,0.263997835403849,0.23505025024107276,Low
60913.126189144816,26347.2146856177,780.6135222850382,11255.186213898703,Personal,0.43253755526855514,0.2632684951379438,0.23439520102715963,Low
46830.774072728804,31096.99841956223,731.1854773053491,12446.1894430558,Personal,0.6640291354413272,0.39884148402841674,0.37618035977458425,Medium
43867.41652952193,24098.186569285124,692.4654297820864,22894.374116419953,Personal,0.5493413671413157,0.37605986835099664,0.3498495350959084,Medium
87120.1990269128,17587.423453814576,732.2544237042376,29614.190022837945,Real Estate,0.20187538194651672,0.20172333324096803,0.18371418736804232,Low
49391.41295007434,26725.73701202731,687.2443916548445,17131.494793494236,Personal,0.5411008800060475,0.36225658547653766,0.334318527573228,Medium
110095.8836396873,38998.81934895215,681.1951521642478,45283.040183007164,Education,0.3542259534115214,0.32725723866086404,0.29656400944400774,Medium
33361.41184232556,18673.662536174263,662.4292882143134,31361.002922776766,Personal,0.559738377513239,0.4087926222912389,0.38792640409999585,Medium
108929.12736580076,10254.706953293586,758.1706679416054,25591.705723611092,Business,0.09414109156366142,0.130664309720251,0.1362633567448765,Low
79220.34934405237,31070.80669286973,639.0785667028999,5000.0,Education,0.3922073930516242,0.2805465553365533,0.2502522845500549,Low
73065.73776259215,18796.188360464017,756.6183862339058,5262.762753587394,Real Estate,0.2572503739240583,0.17210892909253128,0.16253918620404526,Low
64101.618263821,0.0,704.9932061870186,29215.138754227093,Personal,0.0,0.10960914591303589,0.12434042119743838,Low
82982.72228704141,28474.216771504216,610.034691259903,5000.0,Business,0.34313428129063384,0.2662607790241747,0.23709075030656623,Low
74247.30595150303,14646.718140460773,698.382464649571,40189.56114466108,Real Estate,0.19726935479689645,0.23252587098792177,0.20794278756272672,Low
97066.03764033043,19094.66717695839,574.9986746174188,22627.692334415195,Real Estate,0.19671831302841458,0.24067383249453694,0.21473258753196775,Low
77284.55297324079,23319.803305690144,711.2754008415518,73646.394543921,Education,0.3017395120828926,0.3471241683616818,0.3176962595622227,Medium
78006.03522923755,21904.996797790664,724.2615741494495,59618.74375924166,Real Estate,0.2808115645593076,0.30402153774539026,0.2729131519787496,Medium
67727.75575572289,27094.518171390395,650.3822022173973,22278.263961287248,Real Estate,0.40005043529145656,0.31503508596216256,0.28397587560349624,Medium
73861.08752557865,15645.136294301567,686.1773847977792,23404.944962030277,Real Estate,0.21181838527470284,0.2105388291033723,0.19041654395681668,Low
81156.03537784118,25131.057981760827,777.7078716875143,39933.722710030444,Real Estate,0.3096634509652575,0.2602140397188611,0.23166565358995034,Low
40796.63214686749,17404.533224160827,654.7126647869031,50547.58914877057,Personal,0.4266169119427475,0.3833285761088314,0.35816048690205016,Medium
48036.291557885736,27388.104808875032,627.0546206471699,5000.0,Personal,0.5701544378352194,0.37376382339507913,0.34724282440553766,Medium
89865.2818804543,26153.674840130534,754.0831701231299,5000.0,Personal,0.29103202363424574,0.1893690105971947,0.17463106280294866,Low
78417.30876255884,10645.612979554047,778.1293595265397,15669.477916684278,Personal,0.13575590832615905,0.12458301839884585,0.13272406597438344,Low
71320.33327294642,30859.821161750322,680.1847835923924,33741.063747607965,Business,0.432693171015456,0.34376349526445255,0.31406508111247716,Medium
75368.67866130786,14640.36554885952,730.5731517704178,32453.103857613954,Personal,0.19424999627034018,0.20418185816672113,0.18556480158791,Low
81951.63410723342,28080.57798281145,747.0737957765441,41046.57182475775,Real Estate,0.342648176436215,0.28974412747590156,0.258979503765687,Low
64204.806393812774,23672.873134013407,642.8757883730808,7004.537074520376,Personal,0.3687087379223791,0.27146610603737825,0.24183058032083318,Low
59433.905491953745,38381.83676795123,655.7347082316065,5000.0,Personal,0.645790251376757,0.4014593463125174,0.37925695377875174,Medium
78916.90510195363,17765.34017628148,741.5437256577368,37870.21292953218,Education,0.22511450687695164,0.22657636435951545,0.20308584713593153,Low
55432.54444769936,16506.832038818025,764.2507139354254,12577.055905521482,Real Estate,0.29778232630818946,0.20430972887028165,0.18566144683437724,Low
83165.05511428944,19805.803941122675,708.1440430087177,5000.0,Personal,0.2381505539063803,0.17914208530305448,0.16738294136919038,Low
40948.32791524319,16968.202171657245,636.0092823248973,27175.956189390723,Personal,0.414380831539174,0.3370684637984047,0.3068988612007857,Medium
95583.11274651287,27999.4190194205,779.353055584972,36897.63532328016,Personal,0.29293269715619297,0.24519583490054903,0.2185697300813922,Low
84451.94964826087,3836.8939156341203,653.4514551094018,23169.14301818084,Business,0.04543286367709255,0.1384247925421779,0.1408950218202414,Low
80120.59468627752,9463.17580853646,663.2431109414274,18132.27420726266,Personal,0.11811165213626709,0.16123457062097862,0.1552731958727444,Low
94653.81967891028,9321.97078420807,697.1168917244811,22609.566517811403,Education,0.09848488751780493,0.14842032089176724,0.1470537463455675,Low
108309.48888925153,29503.075919735755,757.7080210357387,19441.258563988256,Real Estate,0.2723960404789944,0.20765417700191885,0.18820300403391835,Low
95287.4013003626,37106.13372581925,722.6987988276112,5000.0,Real Estate,0.3894127997976795,0.2496362356067417,0.22238545083875164,Low
38182.515373367096,18955.507814625285,700.7432750180956,14279.789845143523,Personal,0.4964447111267858,0.32946077936494034,0.29886759436456484,Medium
49408.460665285966,18311.782768099893,703.1644265059053,32819.19857520722,Personal,0.37062038609443304,0.30277291025437025,0.27167607431833196,Medium
62503.628446086426,20700.521631131815,682.1757334321733,29825.178120647503,Personal,0.3311891188683134,0.2844770097582141,0.2539576302933318,Low
75521.82100421668,31618.783026081903,707.9069757259253,27520.897089502305,Real Estate,0.4186708239505573,0.31452768530983904,0.2834603004932198,Medium
85353.18040938246,10726.46865809426,553.5219961152849,10072.772772199309,Real Estate,0.12567157552473757,0.1876206287954904,0.17337462900324457,Low
60485.12373693069,22383.68982734785,665.1696270465101,22277.452567964992,Business,0.37006934010256365,0.2948238244649141,0.2638834608975457,Low
78735.33528954157,29751.976297824298,692.0660967458391,5000.0,Education,0.3778732406284203,0.25467799793332574,0.2267753039025949,Low
59892.34135293355,25010.941699398452,622.4492958190247,27677.149958280846,Business,0.4175983295095109,0.34446547791166143,0.3148217084338123,Medium
62769.64394016103,21895.816165987435,699.316165890578,46432.86561720351,Education,0.3488281084860215,0.3204623151630962,0.2895257584534458,Medium
46866.778063035556,30010.46092567141,669.7764389506939,5000.0,Business,0.6403354821043492,0.39377605671663557,0.37025576984065534,Medium
56535.335077781914,0.0,767.7737849157745,16211.08490023367,Real Estate,0.0,0.06144318688901752,0.10040035651759378,Low
47966.30788767333,26778.753195309077,758.6509862607428,29936.601680651944,Business,0.5582825607094692,0.37125531209459983,0.34440533648651217,Medium
55482.53494045335,13459.243168725763,656.7097215440918,43792.63951641225,Education,0.24258522403799504,0.2770979893303779,0.2470310316434602,Low
96072.8359321568,1693.6710314354314,672.4581144216652,18276.630755497757,Personal,0.01762903129695725,0.1080296191282982,0.1234830758040667,Low
56012.02222336114,25112.02599524981,676.3026217195803,14616.245061011554,Education,0.44833278639913565,0.31470384036173904,0.28363922936237235,Medium
127647.64129674781,33736.58545162958,657.4170261920189,5000.0,Personal,0.2642946247099132,0.21011777369894996,0.19009220999268894,Low
84866.35801761778,18625.51485372308,689.7512492014064,26551.571939621597,Real Estate,0.219468765819508,0.21939590942379494,0.19733724862317528,Low
78696.72247389748,29528.74547202939,642.0858965556205,55631.14060215616,Education,0.3752220492006339,0.3722547540791161,0.3455345336627201,Medium
57832.84439637573,36122.78257988645,623.4692332531237,29160.376929470138,Business,0.6246067084701473,0.4505761434164409,0.4385326683017907,Medium
89006.19758817983,33149.144535840474,711.1355611950135,24665.8153122443,Education,0.37243636324312246,0.2845607906478098,0.2540370054304573,Low
63487.24347524452,36399.645293713926,711.4764792110906,29831.234661504783,Personal,0.5733379384774704,0.3952220929578304,0.37194318098114265,Medium
77440.19629290723,27421.274910718923,639.7842120170004,24833.61994077097,Real Estate,0.354096144165255,0.30090911948758103,0.2698360781869292,Medium
126201.69076537588,20754.336389015927,724.76777153813,12804.784416098053,Business,0.16445371106478068,0.15203603440995234,0.1493358211751488,Low
73078.80200550701,3980.3418810283147,648.4211135417335,37349.19873516558,Education,0.05446643584453351,0.17307710473080962,0.1631992044288083,Low
97985.46652571352,17539.375118700515,692.6582619018991,28386.422846676316,Personal,0.17899976129723075,0.20180510449423894,0.18377550872567025,Low
60936.47149748226,11567.534046838082,721.0172006306228,25264.19877900486,Business,0.18982940368176757,0.19096644035279134,0.17578528434939242,Low
74300.23019006077,41709.42717497813,678.3193717648144,10369.50959082625,Real Estate,0.5613633641280111,0.36201386415219416,0.3340484941740322,Medium
110416.0127127102,18241.141875676632,702.7370456070568,44552.61897902138,Business,0.16520377278192422,0.22368228472298485,0.2007539885985961,Low
62460.65884424465,21232.04806784486,654.1785178056214,34970.54117999665,Real Estate,0.33992673885797886,0.30901791609288104,0.27789836998234796,Medium
111248.97115993858,25514.853760404676,670.1766708285951,16706.18743949047,Business,0.22934912111432387,0.2115539927907564,0.19120025222875223,Low
89155.0387091095,20436.024463724538,669.7070284559829,40027.37280522905,Education,0.22921895116216764,0.2582970346776656,0.2299639407588825,Low
63750.66448211465,36950.510404307526,642.6710826729881,17536.43742422189,Personal,0.5796098080620642,0.3980526908772448,0.3752552874201865,Medium
87648.15478111042,13773.50638265548,671.161291844211,13269.947612334445,Education,0.15714542327848172,0.16823215091889412,0.15991787598072496,Low
94451.0889925346,21946.074552372425,602.5690850568127,13604.453237795695,Education,0.23235385411074552,0.23071439174620673,0.20645495689377014,Low
87436.19924434392,12575.294143019517,655.4423126428948,5000.0,Real Estate,0.14382251575091182,0.15057867694266952,0.14841251015896767,Low
43595.50560219087,6799.7748877929425,665.7562253315165,32073.135706273086,Real Estate,0.15597421784348392,0.2071605949231647,0.18782624029123915,Low
60457.25648350263,13882.309090947147,667.191012375231,5000.0,Real Estate,0.22962188326781424,0.1893317607955903,0.17460421941876528,Low
70049.6272889699,19629.63202951588,667.925127706461,6573.342531013561,Education,0.28022464628597366,0.2175207278380277,0.19585636247454336,Low
73511.33141799907,15706.9777548274,676.9117900069936,5000.0,Business,0.21366743673182315,0.17792367483403151,0.1665356365897067,Low
87413.44195101356,13075.79020126144,703.9720759043032,23708.954608136602,Business,0.149585577565852,0.17374996532709217,0.1636591719747574,Low
78554.02001866508,5936.825363281661,723.7258537066261,22745.193095921917,Education,0.0755763404835427,0.12784590218421774,0.13461327045239585,Low
48293.11282579797,19168.944273713052,647.5117386575866,20099.55680220454,Education,0.3969291510128766,0.31013013429052266,0.2790156960870898,Medium
82603.95702011927,4952.796259689978,619.8399572305427,9361.334579941356,Personal,0.05995834144463152,0.12993479615377163,0.13583462316142395,Low
87211.71490567646,27600.559636896025,627.8977793878448,7416.493698450398,Real Estate,0.3164776620520227,0.25146083746249637,0.22396708912607133,Low
86195.8089586208,20824.39752934503,655.6398539402536,31965.547953198613,Real Estate,0.2415940842244662,0.2533258366279526,0.2255919985368928,Low
96615.61451109244,5424.485005350694,662.4039341091745,16741.721024372684,Education,0.05614501375166339,0.12776632512133898,0.13456692652052626,Low
91678.44309097808,16907.909229501365,641.5001966901272,29745.37482304217,Education,0.18442622561470226,0.22529202832750822,0.20204853106901602,Low
84183.60158456874,12478.435944094168,615.1941667875053,11721.269708136662,Business,0.14822882021219588,0.18042959653854584,0.16828203921026197,Low
73596.68577082705,23191.745104191803,657.1939586262906,27715.941141566236,Education,0.31511942231214934,0.28104078451228104,0.2507162220499687,Low
41780.78132968017,33404.504460231445,689.0713310056985,44549.17055974096,Business,0.7995184244317041,0.5456559070980286,0.556823335271004,Medium
83592.36438265172,1248.2753035425558,709.7514732917782,33792.48700589175,Education,0.01493288666687858,0.12455089735988932,0.1327055800597194,Low
79153.75374326222,21150.26079147417,652.128847344584,18813.792726752792,Personal,0.2672047728788167,0.24106684930070782,0.21506413066852761,Low
80431.57674390747,18398.672044333594,659.3501088928283,28857.98455533891,Personal,0.2287493642318439,0.2393788480879545,0.21364278673091702,Low
49465.02848359381,26713.40076450466,633.6650845576345,21390.022382046805,Business,0.5400462020023856,0.3891566453331802,0.36488663983995107,Medium
53378.869191834754,22131.966282376892,678.4280414812612,25118.20277042092,Real Estate,0.41462036602608227,0.31810139744284965,0.2871035937154748,Medium
96063.05706665808,12480.306682611808,637.5785682904593,20115.834217772448,Personal,0.1299178587867731,0.18016286784406346,0.16809546077829146,Low
74208.8969228669,16809.46064333382,708.65639066206,22534.97191171913,Business,0.22651543602387267,0.20821364160170636,0.18863075921571926,Low
88630.01394745249,12039.74143196511,590.7066754032944,28181.400296112628,Education,0.1358427116924895,0.21579944747260138,0.19450443017649785,Low
75566.36752260922,30760.071385985982,662.0185163773768,10099.61950627074,Education,0.40706034171594485,0.29007581585496917,0.2592979010873662,Low
75595.12278991491,20213.116486719424,695.0553669595871,9761.817595150325,Business,0.2673865157001378,0.20790323411345646,0.18839333591740304,Low
93765.67611951995,39011.90685753008,689.1917258161252,5000.0,Real Estate,0.41605743670853407,0.27478457983092874,0.24488578443306624,Low
64679.10543565252,19393.391861853794,814.6516831990248,5000.0,Business,0.2998401374172955,0.172395945226639,0.162734624284613,Low
76922.41553881967,12915.932330895372,697.4900012283954,6740.759616692809,Business,0.1679085639786912,0.1512628596127093,0.14884538674466838,Low
65754.49422589915,4862.856073871728,629.7972701578994,27391.93760206194,Personal,0.07395473314972839,0.16947985231149415,0.16075776207153655,Low
66310.07545135368,1968.6032374405477,675.2267876455463,11608.187267621739,Business,0.029687844932174027,0.09974496018525533,0.11906909930065238,Low
68816.55753062721,4158.6405699451025,591.1876833266774,32704.216963466442,Business,0.06043081373395168,0.18696936432566963,0.17290844258912372,Low
79442.67543267425,22671.266510114834,675.9700125351619,25520.706231288426,Education,0.28537894005506126,0.2551532310071092,0.22719223086253398,Low
65425.02756673045,25087.25023229934,638.3471971499621,5000.0,Personal,0.38345035784221143,0.2764261681622956,0.24640674652062222,Low
100115.12251147041,4188.092979678666,725.7695137780081,34824.63376332534,Education,0.04183277086035456,0.13441170691753096,0.1384836858853199,Low
57107.85395560992,28950.383140761154,652.5229862702232,37161.979683875645,Education,0.5069422353581061,0.39749284659849027,0.3745992709384359,Medium
71262.56711677281,15169.389483165605,674.1617042102376,10092.059877477199,Real Estate,0.212866166585167,0.1886777780321599,0.17413346863896353,Low
66205.37883451651,21467.930119855493,648.2221079297798,31302.873143424873,Real Estate,0.32426262786767834,0.29595278683370785,0.26498142032191063,Low
103939.55768707466,36122.206282554245,766.9425675926666,12152.526438862016,Personal,0.34753088320142234,0.2273848823869058,0.20374089331288012,Low
78931.0955302315,28968.39315865532,663.9378616941044,26465.05565122503,Personal,0.36700862903340925,0.30210341580947075,0.271014222541705,Medium
95636.8907893727,17314.693520941677,771.62785217396,6032.5238956755165,Real Estate,0.18104617766249786,0.13024889467884934,0.13601907866120436,Low
45288.79253926056,11088.077745847126,720.7075881059134,5000.0,Real Estate,0.2448305005313388,0.17804786622828822,0.16662184420812645,Low
80341.00531738518,0.0,704.1033363667693,19257.74215580547,Real Estate,0.0,0.09000842441745704,0.11405663755152028,Low
92792.61591246874,12808.466807575798,698.436657365876,23144.065805877457,Real Estate,0.13803325492685778,0.1687977035342864,0.16029813483543623,Low
76645.67978550849,17888.697611723055,699.6898649108126,19034.804595780937,Real Estate,0.23339472833673397,0.2078176092737597,0.1883278839092156,Low
96309.60750130702,10128.204728488161,583.6163710327195,7239.5416266616085,Education,0.10516297378068652,0.16107832154388316,0.15517075264274469,Low
64654.230997992556,18687.430329076953,666.0558302924621,19001.514068032942,Personal,0.2890364642904372,0.24744273194276845,0.22049461218850383,Low
103186.9488037116,20768.518829587683,722.2578985592161,29039.42128871101,Education,0.20127079122278155,0.2037996857561483,0.18527618553951325,Low
120977.962472385,17751.440181919214,677.5551408262947,24326.604548161944,Education,0.14673284141292461,0.18288252127585863,0.17000562574790418,Low
67743.22879120681,13499.974191765403,609.7405076598212,27737.5154589882,Business,0.19928152868789334,0.23991326314669206,0.21409203765336832,Low
66089.94957198456,21686.546719667276,677.3797774711265,14948.271993186507,Education,0.32813683260639337,0.25488974471152503,0.22696100475470246,Low
104067.68954235403,24419.40649569409,765.2052758127745,42575.768720742395,Real Estate,0.2346492614862536,0.23240371789774997,0.20784221085819082,Low
106591.44291461425,9096.009225571539,742.3445857767359,7357.39995167829,Real Estate,0.08533526685493839,0.0953784618802131,0.11679803120004147,Low
64542.799456934634,34109.3237974627,676.8997995316984,32313.404456300777,Business,0.5284760513095146,0.38995902296793583,0.36581687537252544,Medium
66596.26365808285,19014.11867715738,727.5724638529043,42728.36639439942,Business,0.28551329508182727,0.2714230989698639,0.24179115609214058,Low
69364.30782278985,20188.496229448476,661.6746489815974,32213.62139123343,Business,0.2910502081419961,0.2764201178011364,0.24640112909192943,Low
48110.98977931446,27082.144232565573,594.806420658664,21962.13659402755,Business,0.5629097292903682,0.4154474599537107,0.3958558496020199,Medium
56626.961070316036,22332.161312635017,633.7767005935223,17075.544300055313,Business,0.3943732965804796,0.3076518425632249,0.2765297956886133,Medium
54917.184664958644,29531.36633913245,758.1444384254099,40541.31476569384,Education,0.5377436319669118,0.38237405548234593,0.357064097759219,Medium
59644.04869791743,22871.24165201824,666.3003459085348,5000.0,Business,0.3834622590403865,0.26656630155247507,0.2373671739000869,Low
74306.30225226437,13875.626253595621,667.830801031249,10448.136094305346,Education,0.18673552354265863,0.17855904536067566,0.1669770558124975,Low
79684.29465073042,23615.035252061018,665.008090186256,19036.633517624177,Personal,0.2963574610978194,0.25154325987136184,0.2240387247508632,Low
106010.00985628154,8562.737926793383,775.2068294786503,43564.80636267997,Business,0.08077291888192391,0.15391366176209237,0.15053237003971318,Low
55032.91918522418,21085.597057765233,761.2979457681032,30696.51454061344,Business,0.38314516783668123,0.28427222037553107,0.25376367896326235,Low
94686.44796953167,19667.70009355539,790.9390116724067,10479.31362234632,Education,0.20771399197363588,0.14566067793536705,0.145331465744098,Low
70720.22311548982,17918.831427274603,672.0477394799974,20345.384419226444,Personal,0.25337634184230745,0.23018561994313697,0.20602214616692469,Low
74010.72580695135,18714.624885610694,694.7812244373548,15785.152838555585,Education,0.25286368538562487,0.21278524562732778,0.19215408391296215,Low
88496.38984333207,1181.5095450236076,604.1678725289604,14353.165116496973,Education,0.013350934960344382,0.12214607799706247,0.1313277704684437,Low
52545.559568754026,14512.750922590385,753.8467213059137,39683.34337835169,Business,0.2761936696782334,0.25139997289961524,0.2239142004893004,Low
82648.19492368102,20928.449011411147,621.6110224366032,5000.0,Real Estate,0.25322330428071527,0.2172195265744977,0.19561928016653998,Low
78329.04416426113,21598.563919974004,690.8387781881314,49131.712836015606,Real Estate,0.2757414462339206,0.29230869766376866,0.2614479208033319,Low
84849.02528016298,9723.248590740419,625.1348736183578,37423.44535276934,Education,0.11459469992301298,0.21150840291938947,0.1911650040024519,Low
80783.37287815637,32657.07840864701,650.5566586630651,41362.92505905547,Business,0.40425495055650745,0.3552450929270476,0.32656234666650996,Medium
124106.00279821789,11338.251517854991,638.136878447515,18055.907319621125,Personal,0.09135941261672642,0.15656674031907078,0.15223652249170558,Low
62245.200314973685,29694.572005267368,649.606236966209,22750.88921381336,Real Estate,0.4770580198152893,0.3547579988177858,0.32602696590366687,Medium
64380.060899963646,24271.943618716847,653.0438648425511,5000.0,Personal,0.37701026186402,0.26801906098758016,0.23868460299236013,Low
62537.18947150471,13537.72690156197,652.5865602537461,17130.063893997954,Real Estate,0.21647482107795207,0.21217287000212037,0.19167923379879118,Low
63890.457616794905,37753.10892609512,721.6666955890154,32404.822714647264,Business,0.5909037176182464,0.40555561167758875,0.3840904748390232,Medium
62252.25745386965,8063.6316824352,624.756860346874,44440.945926720946,Education,0.12953155455303023,0.23314524783106033,0.20845331374370255,Low
98780.33062215103,29191.541736100015,691.0270713506933,8392.647747963223,Personal,0.29551978164318826,0.22065327878198177,0.19833495048380095,Low
103410.0849597971,30005.823180429783,740.897957615278,19517.41094522101,Personal,0.29016341290208975,0.22262313153609467,0.19990561971557394,Low
63585.07412501048,13293.797909233552,654.3401817743302,22730.511696512163,Education,0.2090710452440062,0.21905295244761674,0.19706577578929163,Low
58352.88853791542,33924.65300064329,644.10405546262,5000.0,Personal,0.5813705859410948,0.37335444986609334,0.34677901583138016,Medium
84428.31112772808,17499.53485401047,668.4737687409875,33870.238626376005,Real Estate,0.20727093341398423,0.2354440255805721,0.21035616699814766,Low
63955.539114380575,22886.93629279857,738.9862604180355,14140.145023860863,Education,0.3578569833000185,0.24639010155018906,0.21959132968191158,Low
87658.63635511021,22603.218387712208,689.7053815476679,22069.14473234464,Real Estate,0.25785500810376816,0.2296403647350435,0.20557654746022386,Low
79058.460417026,18656.91258529452,653.4392852696201,18220.759421321833,Real Estate,0.23598881747609363,0.22381029748553044,0.20085670767619754,Low
44685.11770005536,28108.08273159782,704.193832559402,13159.922414204884,Business,0.6290255946122975,0.39229364240771075,0.3685291918535495,Medium
105950.10402660123,27934.88720552213,624.8853925081788,24894.32521779168,Real Estate,0.263660781291054,0.26107125548998844,0.23242943865179858,Low
110917.55346191043,2514.6802676181906,714.0679755221474,21765.856321479663,Business,0.02267161679221263,0.1028435296783077,0.12070378434772933,Low
62744.22619031228,33043.40242878153,700.4303653850884,19422.131765820017,Personal,0.5266365438718795,0.3549518182728427,0.3262399448177096,Medium
67245.96880128032,3375.0801196432585,664.6095764430557,14073.075674794858,Personal,0.05019007354354599,0.11867310231793128,0.12935942219694999,Low
80717.3078144981,30325.462043416574,638.0707100776384,29792.870061744332,Business,0.3756996221071888,0.3222341240908577,0.2913514614613999,Medium
81689.1357997405,31267.051368275832,635.6659538858271,49804.25902738428,Real Estate,0.3827565448228816,0.3666341008594468,0.33920713285790566,Medium
88170.8854534566,9090.335697848017,706.7408668172955,27098.30849258691,Education,0.1030990632689812,0.15630819562532486,0.15206975786637225,Low
115204.090775327,15891.857120454151,741.4490251244531,39941.77322366693,Education,0.1379452501512878,0.18716828030258253,0.17305072484079898,Low
71461.055450119,8942.953315140643,648.1346126485603,5000.0,Business,0.12514443368924172,0.143818824145129,0.1441913123922862,Low
59034.055109230925,17850.789697112647,702.9193351775742,27366.421589406542,Personal,0.3023812215522594,0.257834276833446,0.2295544697677413,Low
47413.61543970945,16919.65715814259,575.6486490698966,8539.475215434002,Personal,0.3568522881292908,0.2923349830590793,0.26147329921572904,Low
60381.39920116162,27796.6053226934,650.7691134671401,5000.0,Education,0.46035046703850885,0.3104920170014403,0.2793798339628942,Medium
74337.46054252406,33103.08746119608,678.447053356455,13909.428888114455,Business,0.44530829032368907,0.3110211017534423,0.27991273922135207,Medium
110891.15727035576,33956.83810789956,634.5158291509083,42878.49001620359,Education,0.3062177268572627,0.31491908023130616,0.2838579510813352,Medium
64647.77401927657,14378.319734216979,633.1746812605202,39250.23743004468,Real Estate,0.22241012861370407,0.2662321222514637,0.23706483428012695,Low
79475.75903277798,17907.781262554723,646.6110221765557,28645.070830815996,Real Estate,0.22532381546892888,0.24173639451025322,0.21562980455364422,Low
74671.54207854495,3165.6180777904992,694.6096364163186,5000.0,Business,0.042393902545372265,0.08604060900810312,0.11206724160698817,Low
98767.86546896168,11941.299335038111,670.6335490796813,22055.790229180948,Business,0.12090267698243136,0.1678687251567489,0.1596739061910459,Low
125538.64851747244,29648.516330974577,568.0884383337514,29525.50013352603,Real Estate,0.23617042784117676,0.276634412422787,0.2466001424331805,Low
64382.624541593585,36155.82823548232,573.9649923682467,27633.04344367897,Personal,0.5615774208167655,0.43347891763635954,0.41760682169717195,Medium
65211.21114963556,7656.511281200779,649.6567411071412,5000.0,Business,0.11741096578672529,0.13941486838495987,0.1414952995054191,Low
95883.21754138144,14075.357408471056,702.8843293026777,11645.232279701922,Real Estate,0.14679688238868693,0.14861208364691988,0.14717405004579276,Low
88637.82979252623,19735.94243041073,542.6247578637383,24038.83353776925,Real Estate,0.22265823155425254,0.2678921624301689,0.23856932572015377,Low
111934.14651472066,22801.61158819607,655.0134911924184,33044.363642757846,Personal,0.20370559206611172,0.2367602911330121,0.21145145191263268,Low
86678.56370651929,11903.964800783539,653.687607174129,5000.0,Personal,0.13733458760448075,0.14795402068195956,0.14676154921543355,Low
67814.1581842588,24240.610444640897,749.4168889104224,22568.140367802123,Personal,0.35745648244687184,0.2593644435200676,0.2309103891285401,Low
86813.09661384618,15261.606529290839,660.7489094143568,27145.731548184285,Personal,0.1757984350814725,0.20898518319674358,0.18922188763288858,Low
97174.07161165815,19855.47729121721,699.1494492370464,37744.179827743195,Education,0.20432896308561296,0.2308942120558059,0.2066022967531168,Low
91409.64362394728,25462.842480036998,687.0628570043732,35392.86376356155,Personal,0.2785575073981177,0.267571708165815,0.2382783886521879,Low
85145.48062214596,20064.222698109377,573.47167600964,33738.56978213208,Education,0.2356463613981969,0.28289855225996025,0.252465238354891,Low
96333.49379178308,15636.141094734314,718.4103608315869,13000.892399470988,Business,0.16231261297893487,0.1536014933478493,0.1503328903055828,Low
98385.91180891346,18903.901960741692,690.7698252728144,5000.0,Real Estate,0.19214033404962616,0.16226905222264332,0.15595283698199502,Low
102643.17982075055,19116.370407946648,705.4134319837294,19104.208644078986,Education,0.1862410190460803,0.18235948022870538,0.16963692897554183,Low
87974.19775179285,16299.889701178723,850.0,40024.4773781284,Business,0.1852803448934724,0.172689127202993,0.1629344562963687,Low
71657.63839366291,17412.039373328975,575.7943530250706,45901.81791286647,Business,0.24298929972647296,0.31007674932717977,0.278962003073579,Medium
77934.27372866646,35986.471705047166,766.2348324880554,35658.23653446678,Education,0.4617541164281141,0.33175770805191224,0.30127969793623577,Medium
99130.17933016713,25609.19447941239,665.6276240299823,31440.112342026016,Business,0.258339031084745,0.25712234350996016,0.2289255160787779,Low
58661.28658025528,17045.196819708395,694.3664452201505,30694.59472578948,Business,0.29056977460575534,0.26160356667675644,0.23290461430336545,Low
82373.46617745803,26969.544045107355,677.7243877349379,16658.218798588292,Education,0.32740572051449895,0.25782245512444796,0.22954401604397653,Low
67133.22375345278,16661.8051024399,658.7881833300978,23049.0955966957,Business,0.248190153412422,0.2376797914301561,0.2122190550459201,Low
75574.89645869636,31731.246375866413,651.508353588062,50036.042887394964,Personal,0.419864900419789,0.38006041118889783,0.3544128024540444,Medium
100569.03725214598,23696.42192198094,696.4754367786504,10861.629913121855,Personal,0.2356234341049665,0.1937201168392033,0.17778902681102177,Low
78821.98136039807,18926.97855995771,604.141315166416,49221.681860647775,Real Estate,0.24012310060334324,0.3052785674936439,0.274162102353752,Medium
75928.73096312297,24477.169258102775,717.5289583760883,20169.577682619125,Business,0.3223703194774957,0.24827880038301375,0.22121395522365114,Low
47802.877180401614,4291.238479315007,659.1902797557373,44881.48163642618,Real Estate,0.08976946017538759,0.2019923005055801,0.18391594923000357,Low
89925.07132054442,8732.325310901948,623.4965330479821,5000.0,Personal,0.09710668207062013,0.13849574113602228,0.14093796666179803,Low
87909.68362282151,8060.749936009446,657.4993571002093,33788.563017469736,Personal,0.091693538229466,0.1813652985260692,0.16893787503194593,Low
118265.0944661092,21429.43094763707,742.8574608431286,13948.44796078567,Personal,0.18119827362737212,0.15631104655532965,0.15207159593487277,Low
68844.43530093998,37325.149994850915,653.2332456491888,5000.0,Business,0.5421665503056468,0.35053036492369793,0.32139939447601823,Medium
79383.00655327878,42313.001461926324,697.9226809104811,28278.010636164185,Business,0.5330234177201072,0.37674207804632986,0.35062579139712824,Medium
79987.67367421511,26380.511014407573,643.4521862142263,40142.076828939535,Personal,0.329807204068139,0.3180869840869275,0.287088843665009,Medium
106549.0655952695,25008.44474944457,717.8960924961809,12325.878421097555,Real Estate,0.23471294290313213,0.18863313682452088,0.17410137148930172,Low
73094.08935226095,1989.4226584726093,714.2753869395102,5000.0,Real Estate,0.027217284955627842,0.07151144708739854,0.10503953278634887,Low
80580.43051540678,14573.262002659783,772.4304416648206,23622.328534975673,Education,0.18085361308504563,0.1650489547895963,0.1577912130743447,Low
87157.93019433078,12122.16248091761,671.2218027250392,23688.470068342285,Personal,0.13908272550632578,0.18001649016336307,0.16799313882034547,Low
78732.18246312716,13791.524017488839,713.4327402378954,33224.79441331748,Real Estate,0.17517009672566689,0.20223484651727008,0.1840980387200758,Low
66071.32770898944,18318.561814152104,684.9033769769472,39243.91857046732,Personal,0.2772543317857338,0.27538439939487896,0.24544079204313335,Low
78881.79985796615,15279.094223028726,744.7935890931507,24108.772280912588,Real Estate,0.19369606487859206,0.18219725143883272,0.16952270165908898,Low
96472.63499719545,207.00189624212362,644.0583806195634,52832.54972191394,Education,0.0021457058392583698,0.1794232297918465,0.16757894274348056,Low
54469.694011778796,27479.10256117534,717.250265643864,28363.521168029376,Education,0.5044842468774127,0.35582201319457774,0.32719704350316653,Medium
77659.39348293752,9272.569742601934,670.265135194166,19803.602409896506,Personal,0.11940049138600603,0.16274328515014924,0.1562652117442547,Low
60997.583701216536,22392.468641111496,676.7905911445752,5000.0,Real Estate,0.3671041913856155,0.25468482823001654,0.22678129236185868,Low
98900.93257849685,40740.82669749974,684.5876242224186,21060.107195257486,Business,0.41193571825183833,0.30646891202616877,0.2753480693470452,Medium
44536.26190432451,10806.154084135766,692.6120198213339,19954.195818832955,Education,0.24263720442793785,0.21677569273822286,0.1952703244731301,Low
63821.563054568236,0.0,674.1885478439021,39404.57194422206,Personal,0.0,0.14086024464941985,0.14237545697505416,Low
82544.23750129042,17139.957781198893,690.7356591585263,31937.25436100281,Personal,0.20764572185830588,0.22390831347756102,0.2009353835559215,Low
106310.48058468681,31009.59634998571,758.9059028781093,7309.46317551074,Real Estate,0.29168898663084775,0.19261427747417148,0.17698220778673998,Low
73684.99477854025,39583.474542205935,729.2724842807609,27583.815796165563,Personal,0.5371985797267652,0.3663766328860334,0.33891864097787916,Medium
63896.009466136034,7704.504055475831,723.4577296248448,35072.9675759358,Education,0.12057879857988794,0.1750973122212821,0.1645833520253134,Low
112623.14138881181,24966.992232365217,657.2230236988065,47920.47039081749,Personal,0.22168616435738564,0.2747229557725137,0.244828812312841,Low
46039.72199167512,15346.895432199468,635.5379585885838,38312.559511210886,Personal,0.3333403150213306,0.3189877617371163,0.2880115324790654,Medium
31023.88086759836,18940.516456958645,727.7650279118876,36412.69981467217,Business,0.610514091960052,0.4212242004639982,0.4027838607730122,Medium
83800.28900106665,46443.43347017035,723.8023396264897,25901.289919227453,Business,0.5542156718526257,0.3734507664848302,0.34688811368551153,Medium
64958.91551294777,4970.296716048468,753.6335337875491,30824.680081351744,Education,0.07651446574808927,0.13391828699408373,0.13818960864601817,Low
54575.34365738573,22537.396614945734,649.8009687015385,43742.57351059238,Real Estate,0.41295931650804596,0.3646232869099589,0.3369572130442974,Medium
89167.12894598706,24676.931717654334,668.5225672319826,5008.339037805254,Business,0.2767492012959436,0.21244213734758843,0.19188791952412587,Low
79876.01427542398,30857.86324939347,598.0257918737283,19758.41009174566,Real Estate,0.38632202081329603,0.32160990404647055,0.2907074809378847,Medium
63718.42738526543,20979.831534708956,660.3764446969564,13411.46876865639,Education,0.3292584640838207,0.25837813027441503,0.23003575087558337,Low
49393.91202658211,23080.505395041022,729.8285255289724,30687.296780891862,Business,0.46727429450455116,0.337425202392069,0.3072784046373361,Medium
92449.14656560289,16083.51432578209,656.6752310385901,43453.33263476181,Real Estate,0.17397147429986343,0.2421246738176,0.21595834119706708,Low
88004.02355917322,22691.269412451074,712.0239897600412,16045.385699183891,Business,0.2578435450419337,0.20970995929814362,0.1897784786176432,Low
73016.48272441234,16568.077245025896,670.4748447001094,5000.0,Education,0.22690872836971812,0.1868161837024675,0.17279893737064775,Low
111932.73992095332,26215.71889856051,696.2028514110781,18816.688824632947,Education,0.23420957011392735,0.20901950926702553,0.18924822004496078,Low
53598.304673476945,16303.89663956366,622.6154305092166,38702.1059802611,Business,0.3041867973042741,0.30975098807999457,0.2786344993804625,Medium
44489.49658150523,23771.003939021866,684.260472481695,33064.4485442482,Real Estate,0.5343059770405164,0.3917781894387446,0.3679296260515178,Medium
61161.83860237511,19707.371863150216,530.4432014549639,31422.79371715864,Personal,0.3222167991265213,0.33673873942523774,0.3065482913121639,Medium
74088.27967289004,31260.50250772168,670.6551920919007,20800.100471882804,Personal,0.4219358668569591,0.3158663018692214,0.2848217043034024,Medium
79866.78898645383,19486.062764115137,598.476337814243,5814.538956703203,Business,0.24398204825062092,0.22239315928074876,0.19972177049661854,Low
70175.2788428734,2269.6753179311854,740.2997258273408,32729.414824367013,Real Estate,0.032342946908884,0.12034804692882045,0.13030556138598737,Low
82041.10793028594,32619.215007139916,718.8703676382256,12485.772849480629,Personal,0.39759598364831866,0.27005058423904094,0.2405352831722554,Low
49969.21151619112,10942.676991373812,703.333549098304,57761.451000706846,Education,0.2189883862351549,0.27678172484900143,0.24673701275558194,Low
103875.29208146519,13462.336613511801,756.050311357969,33557.60812531774,Real Estate,0.12960095075308029,0.1650744052655395,0.15780812477986958,Low
73356.97643214863,14043.387059565079,632.5541739587582,16290.275461690735,Personal,0.19143901156496654,0.20504564236747952,0.1862184089009179,Low
97345.91663176255,33744.380931708176,767.3681598957779,15829.221289170577,Real Estate,0.34664403088786444,0.23414463688258705,0.20927901355500364,Low
81854.50692755409,0.0,726.6095782130193,23605.836900796177,Business,0.0,0.09076123443229142,0.11443753912303342,Low
84135.06438307567,51377.48533659994,668.1722356390527,21407.471169673754,Real Estate,0.6106548525674493,0.41231687369164177,0.3921185572273355,Medium
86395.34560464408,30560.56809066052,736.7810073591472,41752.50663294931,Personal,0.3537293343383277,0.3003293248965399,0.26926529054112275,Medium
83954.1712003463,22232.3891412916,624.6853243794183,27796.242546160694,Business,0.26481577774422593,0.26752320065405144,0.23823437044351636,Low
87854.45519735088,19451.059993837138,638.7742919236164,14025.52391637208,Real Estate,0.2214009517234324,0.21330177360377223,0.19255530817786087,Low
101583.05060264863,22855.540748576568,649.570513838015,53356.61027733674,Education,0.22499364424462998,0.2899498613223949,0.2591769637121724,Low
78930.4233940294,25211.22428379338,653.5511145967993,25739.62497280334,Personal,0.3194107316254489,0.2805195164888726,0.25022691944172776,Low
89180.07515177024,26452.15585950057,627.1721178619873,36532.595139533456,Business,0.2966150882300023,0.30001786926630786,0.268958988287611,Medium
73205.28611425546,25556.044660034484,741.1541533547662,15876.60238832861,Real Estate,0.3491010829484059,0.24471992741976623,0.21816358440064731,Low
103802.34430898946,20895.806812552488,667.0572799815084,30446.734416167852,Education,0.20130380437605278,0.22611338985041796,0.20271146105586127,Low
61472.153958814604,18026.61579692674,697.625248417844,29666.649867147928,Personal,0.2932484814019092,0.2597368645230702,0.2312412475016909,Low
111018.80865821632,18487.267163464883,651.4824316793159,5000.0,Education,0.16652373941770515,0.1633268938220352,0.1566503312569623,Low
74196.84098711313,18050.91719647319,588.9698349725742,55229.126656909604,Real Estate,0.24328417431691413,0.3242286340113677,0.29341472782532885,Medium
46384.49795763903,31337.700968670644,693.5028679195711,44359.666913838206,Real Estate,0.675607203882858,0.48175721767984503,0.4772123193255896,Medium
77562.0882982158,25935.56722280862,584.3872512290111,19042.070257810185,Business,0.3343845916459837,0.29902211237543186,0.26798118622360884,Low
61378.96685050239,0.0,676.5682976957265,8465.953893162168,Education,0.0,0.07814309683489143,0.10819768515614708,Low
91812.87097977448,26559.00776529761,611.5842480583594,30213.42420705328,Business,0.2892732520165752,0.28921021040179673,0.25846751571527943,Low
61947.52041395218,21947.36194718775,779.3637999615404,26300.46549121595,Personal,0.3542895954596536,0.2546761522552444,0.22677368572442436,Low
66076.33133570441,19812.912435541024,725.5681361087361,30335.03422844844,Business,0.29984885714796183,0.2545116254630886,0.2266294714362186,Low
37209.18538108938,16114.815469111141,685.2876895635741,27873.660942911345,Personal,0.4330870268743127,0.3304245919476,0.2998783863169319,Medium
65953.87361501847,31241.127199860137,743.1853338827334,32593.614839588892,Real Estate,0.4736814608072719,0.3397272540065549,0.30973387941033176,Medium
26522.41346742087,29475.264621228576,637.6842011267132,46709.5854908771,Real Estate,1.1113341799544327,0.7240212487966012,0.754008423085076,High
43321.943530285535,12271.223321763908,707.1739689335046,33521.54807692969,Education,0.2832565282576792,0.25908054771793265,0.23065839903619062,Low
90208.29312288595,24070.52287124535,689.9905216859356,9255.167516350883,Personal,0.26683270504248824,0.20840062107655682,0.18877388616067492,Low
90716.00317301665,10283.43265458714,693.2010040666835,45438.44279068678,Real Estate,0.11335852875896911,0.20289697205496982,0.18459583485732,Low
83509.15123569929,6203.818352110695,743.6176750053384,49609.21845232431,Education,0.07428908401428737,0.17390968185108466,0.16376850721019343,Low
55660.47713741574,13732.827754100348,716.6246051389901,72280.85101768127,Education,0.24672493770034448,0.3149978396600088,0.2839380100075964,Medium
74045.7728771604,28623.934723827588,694.4361831412511,8147.58950140603,Business,0.3865708143976536,0.2644854627400208,0.23548891434326208,Low
74927.94921818863,29531.25045376087,597.2556281885852,28643.230197254125,Education,0.3941286364019717,0.3435546745289346,0.3138401954090913,Medium
51832.70621614915,25130.854200972928,631.9976852360268,5000.0,Real Estate,0.4848454968986953,0.3293647418954559,0.29876698286323056,Medium
105067.96603534301,27250.95786847997,673.8645533202138,33297.23734568814,Business,0.25936504623410367,0.25844244957776447,0.23009271677212434,Low
92547.24581151342,25161.782871149582,684.6686187138325,16776.99552749841,Personal,0.27188040714248146,0.2278464468448849,0.20411554856364686,Low
70580.71652340672,13585.184047770479,623.4898137663038,53851.6869223743,Personal,0.19247727590389674,0.28388678340858975,0.2533989056668339,Low
75537.71677989062,24319.22544673941,800.5838337789211,13380.775449721272,Real Estate,0.32194811391510825,0.20517660769973042,0.18631766245237752,Low
79167.65615895105,28004.095252276824,755.8197027626786,5000.0,Real Estate,0.35373151879159875,0.22010586430308926,0.19790012020728417,Low
34165.30263151419,27542.913298135743,710.1059160196241,17931.043889462206,Business,0.806166232308742,0.4883195865146045,0.4854036316836516,Medium
70056.45234958806,31889.13371474643,683.6018430641873,5000.0,Business,0.45519195798863404,0.2963247402657804,0.2653437985133602,Low
61360.31504004403,27083.038472010638,669.3895515049425,36266.491817609654,Real Estate,0.4413771092005659,0.3569664024102284,0.3284579110486668,Medium
54967.599802101686,23514.482075415828,632.4040769988882,5000.0,Real Estate,0.4277880453225966,0.3006925837205143,0.26962281702007984,Medium
69377.9941422809,30701.502383164276,683.8740259259431,25426.863717747383,Personal,0.4425250796412679,0.3307489639881488,0.3002190085202023,Medium
110953.73053699045,19734.7874075094,692.8876270071376,5000.0,Personal,0.1778650191570629,0.1543839353407182,0.15083329217532554,Low
87816.8572253402,11181.253487722823,617.9119712259188,20195.532931950373,Personal,0.12732468276599165,0.1859668291671605,0.17219274919686683,Low
63576.42020434406,18369.330360562362,696.7088208622449,49650.67233706801,Real Estate,0.28893307143624325,0.29787064949970066,0.2668532993318136,Low
86451.65562712317,12550.973551935509,672.2370475587626,30409.718371536925,Education,0.14517909993614733,0.19614885227864307,0.17957114182710443,Low
